dtcreate,Berkeley_Berkeley_LHJ,Under_Investigation,Homeless,Address_Unknown,Santa_Rita_Jail,Alameda,Albany,Dublin,Emeryville,Fremont,Hayward,Livermore,Newark,Oakland,Piedmont,Pleasanton,Remainder_of_County,San_Leandro,Sunol,Union_City,Eden_Area_MAC,Castro_Valley__MAC,Fairview_MAC,ZC_94501,ZC_94502,ZC_94505,ZC_94514,ZC_94536,ZC_94538,ZC_94539,ZC_94541,ZC_94542,ZC_94544,ZC_94545,ZC_94546,ZC_94550,ZC_94551,ZC_94552,ZC_94555,ZC_94560,ZC_94566,ZC_94568,ZC_94577,ZC_94578,ZC_94579,ZC_94580,ZC_94586,ZC_94587,ZC_94588,ZC_94601,ZC_94602,ZC_94603,ZC_94605,ZC_94606,ZC_94607,ZC_94608,ZC_94609,ZC_94610,ZC_94611,ZC_94612,ZC_94613,ZC_94618,ZC_94619,ZC_94621,ZC_94702,ZC_94703,ZC_94704,ZC_94705,ZC_94706,ZC_94707,ZC_94708,ZC_94709,ZC_94710,ZC_94720,ZC_95377,ZC_95391,GlobalID,OBJECTID
2020/02/28 08:00:00+00,<10,0,0,0,0,0,0,0,0,0,<10,0,0,<10,0,0,0,0,0,0,0,0,0,0,0,0,0,0,0,0,0,0,0,<10,0,0,0,0,0,0,0,0,0,0,0,0,0,0,0,0,0,0,0,0,0,<10,0,0,0,0,0,0,0,0,0,<10,0,0,0,0,0,0,0,0,0,0,bf972d83-0444-4c0a-b40a-c91e971a3e23,2
2020/02/29 08:00:00+00,,,,,,,,,,,,,,,,,,,,,,,,,,,,,,,,,,,,,,,,,,,,,,,,,,,,,,,,,,,,,,,,,,,,,,,,,,,,,77cc7f3e-49fa-401e-8db2-5eaf9c202416,3
2020/03/01 08:00:00+00,,,,,,,,,,,,,,,,,,,,,,,,,,,,,,,,,,,,,,,,,,,,,,,,,,,,,,,,,,,,,,,,,,,,,,,,,,,,,5685d296-4cb0-49d7-902b-a89c48c7103f,4
2020/03/02 08:00:00+00,,,,,,,,,,,,,,,,,,,,,,,,,,,,,,,,,,,,,,,,,,,,,,,,,,,,,,,,,,,,,,,,,,,,,,,,,,,,,0e3803d2-30df-48f9-a595-513b7d5a1334,5
2020/03/03 08:00:00+00,,,,,,,,,,,,,,,,,,,,,,,,,,,,,,,,,,,,,,,,,,,,,,,,,,,,,,,,,,,,,,,,,,,,,,,,,,,,,cab9c16f-1394-49cd-b212-e84fc3b87adf,6
2020/03/04 08:00:00+00,,,,,,,,,,,,,,,,,,,,,,,,,,,,,,,,,,,,,,,,,,,,,,,,,,,,,,,,,,,,,,,,,,,,,,,,,,,,,3a014335-fe61-422b-8885-72bc44dd8b9f,7
2020/03/05 08:00:00+00,,,,,,,,,,,,,,,,,,,,,,,,,,,,,,,,,,,,,,,,,,,,,,,,,,,,,,,,,,,,,,,,,,,,,,,,,,,,,315d4ea1-5db9-4213-8f5d-470f1891005c,8
2020/03/06 08:00:00+00,<10,0,0,0,0,0,0,0,0,0,<10,0,0,<10,0,<10,0,0,0,0,0,0,0,0,0,0,0,0,0,0,0,0,0,<10,0,0,0,0,0,0,<10,0,0,0,0,0,0,0,0,0,0,0,0,0,0,<10,0,0,0,0,0,0,0,0,0,<10,0,0,0,0,0,0,0,0,0,0,9384c6e3-f8e0-4cb7-a156-e5ba8a8f3209,9
2020/03/07 08:00:00+00,,,,,,,,,,,,,,,,,,,,,,,,,,,,,,,,,,,,,,,,,,,,,,,,,,,,,,,,,,,,,,,,,,,,,,,,,,,,,cb49e7ae-d4ec-474b-9ef2-d5703b798262,10
2020/03/08 08:00:00+00,<10,0,0,0,0,0,0,0,0,0,<10,0,0,<10,0,<10,0,0,0,0,0,0,0,0,0,0,0,0,0,0,0,0,0,<10,0,0,0,0,0,0,<10,0,0,0,0,0,0,0,0,0,0,0,0,0,0,<10,0,0,0,0,0,0,0,0,0,<10,0,0,0,0,0,0,0,0,0,0,476066db-fffc-4669-9733-047d2c2e7ba8,11
2020/03/09 08:00:00+00,,,,,,,,,,,,,,,,,,,,,,,,,,,,,,,,,,,,,,,,,,,,,,,,,,,,,,,,,,,,,,,,,,,,,,,,,,,,,523798f8-197e-4195-b10e-f69abd489949,12
2020/03/10 08:00:00+00,<10,0,0,0,0,<10,0,0,0,0,<10,<10,0,<10,0,<10,0,0,0,0,0,<10,0,0,<10,0,0,0,0,0,0,0,<10,<10,<10,<10,0,0,0,0,<10,0,0,0,0,0,0,0,<10,0,0,0,0,0,0,<10,0,0,0,0,0,0,0,0,0,<10,0,0,0,0,0,0,0,0,0,0,7fa0251c-861a-49dd-9f97-18dcb152c52b,13
2020/03/11 08:00:00+00,<10,0,0,0,0,<10,0,0,0,0,<10,<10,0,<10,0,<10,0,0,0,0,0,<10,0,0,<10,0,0,0,0,0,0,0,<10,<10,<10,<10,0,0,0,0,<10,0,0,0,0,0,0,0,<10,0,0,0,0,0,0,<10,0,0,0,0,0,0,0,0,0,<10,0,0,0,0,0,0,0,0,0,0,85da56c3-1e42-40fd-b049-55b8def21d82,14
2020/03/12 08:00:00+00,<10,0,0,0,0,<10,0,0,0,0,<10,<10,0,<10,0,<10,0,0,0,0,0,<10,0,<10,<10,0,0,0,0,0,0,0,<10,<10,<10,<10,0,0,0,0,<10,0,0,0,0,0,0,0,<10,0,0,0,0,0,0,<10,0,0,0,0,0,0,0,0,0,<10,0,0,0,0,0,0,0,0,0,0,348bcbb6-b24c-4244-a467-6032242aee5a,15
2020/03/13 08:00:00+00,<10,0,0,0,0,<10,0,0,0,0,<10,<10,0,<10,0,<10,0,0,0,0,0,<10,0,<10,<10,0,0,0,0,0,0,0,<10,<10,<10,<10,0,0,0,0,<10,0,0,0,0,0,0,0,<10,0,0,0,0,0,0,<10,0,0,0,0,0,0,0,0,0,<10,0,0,0,0,0,0,0,0,0,0,9c013133-60ad-4804-b853-c21aee7711c7,16
2020/03/14 08:00:00+00,<10,0,0,0,0,<10,0,<10,0,<10,<10,<10,0,<10,<10,<10,0,<10,0,0,0,<10,0,<10,<10,0,0,0,0,0,0,0,<10,<10,<10,<10,0,0,<10,0,<10,<10,0,<10,0,0,0,0,<10,0,0,0,<10,<10,0,<10,0,0,<10,0,0,0,0,0,0,<10,0,0,0,0,0,0,0,0,0,0,ccc26ce5-9a65-47b4-b0d1-972cf11060ef,17
2020/03/15 08:00:00+00,,,,,,,,,,,,,,,,,,,,,,,,,,,,,,,,,,,,,,,,,,,,,,,,,,,,,,,,,,,,,,,,,,,,,,,,,,,,,8691cd4e-28eb-44c5-b7ec-bdd9a1bb9a53,18
2020/03/16 08:00:00+00,<10,0,0,0,0,<10,0,<10,0,<10,<10,<10,<10,<10,<10,<10,0,<10,0,<10,0,<10,0,<10,<10,0,0,<10,0,<10,0,0,<10,<10,<10,<10,0,0,<10,<10,<10,<10,0,<10,<10,0,0,<10,<10,0,0,0,<10,<10,0,<10,0,<10,<10,0,0,0,0,0,0,<10,0,0,0,0,0,0,0,0,0,0,b274e7f3-6190-4f43-bf86-62ab8c29c1e2,19
2020/03/17 08:00:00+00,<10,0,0,0,0,<10,0,<10,0,<10,<10,<10,<10,<10,<10,<10,0,<10,0,<10,0,<10,0,<10,<10,0,0,<10,0,<10,0,0,<10,<10,<10,<10,0,0,<10,<10,<10,<10,0,<10,<10,0,0,<10,<10,0,0,0,<10,<10,0,<10,0,<10,<10,0,0,0,0,0,0,<10,0,0,0,0,0,0,0,0,0,0,fe03ced7-036d-4cc1-8420-49c3a50b9928,20
2020/03/18 08:00:00+00,<10,0,0,0,0,<10,0,<10,0,<10,<10,<10,<10,10,<10,<10,0,<10,0,<10,0,<10,0,<10,<10,0,0,<10,<10,<10,0,0,<10,<10,<10,<10,0,0,<10,<10,<10,<10,0,<10,<10,0,0,<10,<10,0,0,0,<10,<10,<10,<10,0,<10,<10,0,0,0,0,0,0,<10,0,<10,0,0,0,0,0,0,0,0,82237d79-1b9f-42f2-bd82-424f4b03973a,21
2020/03/19 08:00:00+00,<10,0,0,0,0,<10,0,<10,0,<10,<10,<10,<10,12,<10,<10,0,<10,0,<10,<10,<10,0,<10,<10,0,0,<10,<10,<10,0,0,<10,<10,<10,<10,0,0,<10,<10,<10,<10,0,<10,<10,<10,0,<10,<10,0,0,<10,<10,<10,<10,<10,0,<10,<10,0,0,0,0,0,0,<10,0,<10,0,0,<10,0,0,0,0,0,d7725acc-7488-4316-a897-60437b49018f,22
2020/03/20 08:00:00+00,<10,0,0,0,0,<10,0,<10,0,10,<10,<10,<10,18,<10,<10,0,<10,0,<10,<10,<10,0,<10,<10,0,0,<10,<10,<10,0,0,<10,<10,<10,<10,<10,0,<10,<10,<10,<10,0,<10,<10,<10,0,<10,<10,0,<10,<10,<10,<10,<10,<10,0,<10,<10,0,0,0,<10,0,0,<10,0,<10,0,<10,<10,0,0,0,0,0,1bf67814-7f55-4885-b906-d76fb1c5d3ce,23
2020/03/21 08:00:00+00,<10,0,0,0,0,<10,<10,<10,0,13,<10,<10,<10,21,<10,11,0,<10,0,<10,<10,<10,0,<10,<10,0,0,<10,<10,<10,<10,<10,<10,<10,<10,<10,<10,0,<10,<10,<10,<10,0,<10,<10,<10,0,<10,<10,0,<10,<10,<10,<10,<10,<10,0,<10,<10,0,0,<10,<10,0,0,<10,0,<10,<10,<10,<10,0,0,0,0,0,5b0573f5-b404-4c75-9430-8c5050205db1,24
2020/03/22 08:00:00+00,<10,0,0,0,0,<10,<10,<10,0,16,11,<10,<10,29,<10,12,0,<10,0,<10,<10,<10,0,<10,<10,0,0,<10,<10,<10,<10,<10,<10,<10,<10,<10,<10,0,<10,<10,<10,<10,0,<10,<10,<10,0,<10,<10,0,<10,<10,<10,<10,<10,<10,0,<10,<10,<10,0,<10,<10,0,<10,<10,0,<10,<10,<10,<10,0,0,0,0,0,2dce6f70-c48d-4a86-b49f-1a1374aa0966,25
2020/03/23 08:00:00+00,10,0,0,0,0,<10,<10,<10,0,18,17,<10,<10,33,<10,12,0,<10,0,<10,<10,<10,0,<10,<10,0,0,<10,<10,<10,<10,<10,<10,<10,<10,<10,<10,0,<10,<10,<10,<10,<10,<10,<10,<10,0,<10,<10,0,<10,<10,<10,<10,<10,<10,0,<10,10,<10,0,<10,<10,0,<10,<10,<10,<10,<10,<10,<10,0,0,0,0,0,f02d8915-8da8-4140-8cbb-70d55e57782d,26
2020/03/24 08:00:00+00,10,0,0,0,0,10,<10,<10,<10,21,19,<10,<10,40,<10,12,<10,<10,0,<10,<10,<10,0,<10,<10,0,0,<10,<10,<10,<10,<10,11,<10,<10,<10,<10,<10,<10,<10,<10,<10,<10,<10,<10,<10,0,<10,<10,0,<10,<10,<10,<10,<10,<10,0,<10,11,<10,0,<10,<10,0,<10,<10,<10,<10,<10,<10,<10,0,0,0,0,0,c2295b32-ba74-4eeb-a7a2-927bf38a6143,27
2020/03/25 08:00:00+00,13,0,0,0,0,12,<10,<10,<10,22,28,<10,<10,52,<10,18,<10,<10,0,<10,<10,<10,0,<10,<10,0,0,<10,<10,<10,<10,<10,14,<10,<10,<10,<10,<10,<10,<10,12,<10,<10,<10,<10,<10,0,<10,<10,<10,<10,<10,10,<10,<10,<10,0,<10,14,<10,0,<10,<10,<10,<10,<10,<10,<10,<10,<10,<10,0,0,0,0,0,f8e51856-7cee-4b47-a563-7c27aa39379b,28
2020/03/26 08:00:00+00,15,0,<10,0,0,12,<10,<10,<10,26,36,<10,<10,56,<10,20,<10,<10,0,<10,<10,<10,<10,<10,<10,0,0,<10,<10,<10,14,<10,17,<10,<10,<10,<10,<10,<10,<10,12,<10,<10,<10,<10,<10,0,<10,<10,<10,<10,<10,10,<10,<10,<10,0,<10,15,<10,0,<10,<10,<10,<10,<10,<10,<10,<10,<10,<10,0,0,0,0,0,a941b633-14e0-450f-b7bf-ed40a8f2ddfc,29
2020/03/27 08:00:00+00,18,0,<10,0,0,12,<10,<10,<10,27,44,12,11,61,<10,22,<10,13,0,10,10,10,<10,<10,<10,0,0,<10,<10,<10,15,<10,22,<10,<10,<10,<10,<10,<10,11,14,<10,<10,11,<10,<10,0,10,<10,<10,<10,<10,14,<10,<10,<10,0,<10,15,<10,0,<10,<10,<10,<10,<10,<10,<10,<10,<10,<10,0,0,0,0,0,b0c37130-ef10-43bb-9883-3c8164174b1d,30
2020/03/28 08:00:00+00,18,0,<10,0,0,12,<10,<10,<10,28,49,14,11,64,<10,24,<10,13,0,11,11,12,<10,<10,<10,0,0,10,<10,<10,16,<10,25,<10,<10,<10,<10,<10,<10,11,15,<10,<10,11,<10,<10,0,11,<10,<10,<10,<10,15,<10,<10,<10,0,<10,16,<10,0,<10,<10,<10,<10,<10,<10,<10,<10,<10,<10,0,0,0,0,0,a4c88451-7fba-4d79-a969-687effb7ef60,31
2020/03/29 08:00:00+00,18,0,<10,0,0,12,<10,<10,<10,30,50,15,11,68,<10,24,<10,13,0,11,12,12,<10,<10,<10,0,0,10,<10,<10,17,<10,26,<10,<10,<10,<10,<10,<10,11,15,<10,<10,11,<10,<10,0,11,<10,<10,<10,<10,15,<10,<10,<10,<10,<10,16,<10,0,<10,<10,<10,<10,<10,<10,<10,<10,<10,<10,0,0,0,0,0,afb0de2f-6c66-4810-883a-e5125dd55772,32
2020/03/30 08:00:00+00,18,0,<10,0,0,13,<10,<10,<10,32,58,15,13,80,<10,28,<10,17,0,13,18,17,<10,<10,<10,0,0,11,<10,<10,21,<10,30,11,12,<10,<10,<10,<10,13,18,<10,<10,13,<10,<10,0,13,10,<10,<10,<10,16,<10,<10,<10,<10,<10,18,<10,0,<10,<10,<10,<10,<10,<10,<10,<10,<10,<10,0,0,0,0,0,877d6ac5-0d71-47b6-8fb7-cd44d0fbcfc6,33
2020/03/31 08:00:00+00,19,0,<10,<10,0,15,<10,<10,<10,33,62,16,13,92,<10,33,<10,19,0,14,24,20,<10,10,<10,0,0,11,10,<10,21,<10,33,12,15,<10,<10,<10,<10,13,21,<10,10,16,<10,10,0,14,12,<10,<10,<10,17,<10,<10,<10,<10,<10,18,<10,0,<10,<10,<10,<10,<10,<10,<10,<10,<10,<10,0,<10,0,0,0,4d4c1a0c-4aeb-4ef3-9289-c309abc52389,34
2020/04/01 08:00:00+00,23,0,<10,<10,0,17,<10,<10,<10,33,73,18,15,102,<10,34,<10,23,0,16,25,23,<10,12,<10,0,0,11,10,<10,22,<10,35,18,16,<10,<10,<10,<10,15,22,<10,11,19,<10,11,0,16,12,<10,<10,<10,18,<10,<10,<10,<10,<10,19,<10,0,<10,11,<10,<10,<10,<10,<10,<10,<10,<10,0,<10,0,0,0,95023b89-01ff-4d27-863b-9f20ebaf0646,35
2020/04/02 08:00:00+00,24,0,<10,<10,0,18,<10,10,<10,38,91,19,17,110,<10,38,<10,26,0,19,29,24,<10,13,<10,0,0,11,11,<10,27,10,45,19,16,10,<10,<10,<10,17,22,10,12,21,<10,12,0,19,16,<10,<10,<10,19,<10,<10,<10,<10,<10,19,<10,0,<10,12,<10,<10,<10,<10,<10,<10,<10,<10,0,<10,0,0,0,dd6c7276-5073-4f21-96b2-1ea4fd42d5a7,36
2020/04/03 08:00:00+00,28,0,<10,<10,0,20,<10,11,<10,42,111,21,18,126,<10,39,<10,29,0,24,32,34,<10,15,<10,0,0,13,11,10,32,11,57,23,24,12,<10,<10,<10,18,23,11,12,23,<10,12,0,24,16,<10,<10,<10,22,<10,<10,<10,<10,<10,21,<10,0,<10,12,11,<10,<10,<10,<10,<10,<10,<10,<10,<10,0,0,0,618e1a83-eddd-4a27-a962-a0873c6f57a4,37
2020/04/04 08:00:00+00,29,0,<10,<10,<10,20,<10,11,<10,43,115,23,20,132,<10,41,<10,31,0,27,34,36,<10,15,<10,0,0,14,11,10,32,11,60,24,26,13,10,<10,<10,20,24,12,14,24,<10,13,0,27,17,10,<10,<10,22,10,<10,10,<10,<10,21,<10,0,<10,12,11,<10,<10,<10,<10,<10,<10,<10,<10,<10,0,0,0,407b88d3-2e76-416f-89f9-5a4caba2e2ed,38
2020/04/05 08:00:00+00,29,0,<10,<10,<10,20,<10,11,<10,43,123,23,22,143,<10,41,<10,33,0,28,37,38,<10,15,<10,0,0,14,11,10,35,11,65,25,27,13,10,<10,<10,22,24,12,15,27,<10,14,0,28,17,10,<10,10,24,11,<10,10,<10,<10,23,<10,0,<10,13,12,<10,<10,<10,<10,<10,<10,<10,<10,<10,0,0,0,cbeda2e7-7e82-41bc-8e78-39bef12b6955,39
2020/04/06 08:00:00+00,30,0,<10,<10,<10,22,<10,11,<10,52,137,25,23,151,<10,41,<10,33,0,29,38,42,<10,17,<10,0,0,15,13,13,38,11,73,28,31,14,11,<10,10,23,24,12,15,28,<10,14,0,29,17,11,11,10,24,12,10,10,<10,<10,24,<10,0,<10,15,12,<10,<10,<10,<10,<10,<10,<10,<10,<10,0,0,0,8a102f93-991d-4f34-9b85-81dff3cf0c46,40
2020/04/07 08:00:00+00,32,0,<10,<10,<10,23,<10,11,<10,60,140,25,23,158,<10,44,<10,33,0,29,38,43,<10,17,<10,0,0,15,14,20,38,11,75,29,31,14,11,<10,10,23,27,14,15,29,<10,14,0,29,17,12,11,12,24,12,11,10,<10,<10,24,<10,0,<10,15,14,<10,<10,<10,<10,<10,<10,<10,<10,<10,0,0,0,0b66668d-dac7-49fe-9411-227e5458127f,41
2020/04/08 08:00:00+00,33,0,<10,<10,<10,23,<10,11,<10,66,146,26,24,165,<10,44,<10,37,0,32,39,47,<10,17,<10,0,0,17,16,21,42,11,78,29,35,14,12,<10,10,24,27,18,19,29,<10,14,0,32,17,12,11,15,24,13,11,11,<10,10,25,<10,0,<10,15,15,<10,<10,<10,<10,<10,<10,<10,<10,<10,0,0,0,39d6ecba-b824-4199-9eba-daf30ebf5d3f,42
2020/04/09 08:00:00+00,36,0,<10,<10,14,23,<10,14,<10,69,157,26,25,172,<10,45,<10,41,0,36,47,51,<10,17,<10,0,0,17,18,21,50,12,84,31,35,14,12,<10,11,25,27,28,23,35,<10,16,0,36,18,13,11,15,25,14,12,11,<10,11,25,<10,0,<10,15,16,<10,10,<10,<10,<10,<10,<10,<10,<10,0,0,0,face7ec4-4a56-4e5c-b3e3-ab233d80c4fe,43
2020/04/10 08:00:00+00,36,0,<10,<10,15,23,<10,15,<10,70,160,26,26,183,10,45,<10,48,0,37,50,51,<10,17,<10,0,0,18,18,21,54,12,86,31,35,14,12,<10,11,26,27,30,26,38,10,16,0,37,18,15,13,17,25,14,14,11,<10,12,25,<10,0,<10,16,18,<10,10,<10,<10,<10,<10,<10,<10,<10,0,0,0,3f314289-bab7-422c-9270-d70283fa1926,44
2020/04/11 08:00:00+00,36,0,<10,<10,15,24,<10,16,<10,76,171,27,27,201,10,45,<10,50,0,39,51,54,<10,18,<10,0,0,20,20,21,57,14,92,31,38,14,13,<10,13,27,27,31,28,39,10,16,0,39,18,16,13,19,28,14,14,11,<10,12,25,<10,0,<10,17,28,<10,10,<10,<10,<10,<10,<10,<10,<10,0,0,0,16f44c6d-e634-4c68-87a6-f27298fd9179,45
2020/04/12 08:00:00+00,36,0,<10,<10,15,24,<10,17,<10,78,182,28,28,214,10,46,<10,54,0,42,56,60,<10,18,<10,0,0,21,21,21,65,16,96,34,44,15,13,<10,13,28,27,32,32,39,10,16,0,42,19,18,13,23,29,15,15,12,<10,12,25,<10,0,<10,19,29,<10,10,<10,<10,<10,<10,<10,<10,<10,0,0,0,b7ca9fdf-77da-4212-b573-ccbad7a6d066,46
2020/04/13 08:00:00+00,36,0,<10,<10,15,25,<10,17,<10,82,184,28,29,228,10,48,<10,57,0,43,57,62,<10,19,<10,0,0,22,23,22,65,16,97,35,46,15,13,<10,13,29,29,32,33,40,12,16,0,43,19,21,13,24,30,16,15,12,<10,13,25,<10,0,<10,22,32,<10,10,<10,<10,<10,<10,<10,<10,<10,0,0,0,eaeb7972-a195-4bbb-b6a8-eef425539dfb,47
2020/04/14 08:00:00+00,38,0,<10,<10,15,26,<10,18,<10,86,186,28,30,235,10,48,<10,60,0,43,59,67,<10,20,<10,0,0,23,26,22,67,16,97,36,51,15,13,<10,13,30,29,33,36,41,12,16,0,43,19,25,13,27,30,16,15,12,<10,13,25,<10,0,<10,22,32,<10,11,<10,<10,<10,<10,<10,<10,<10,0,0,0,c2dbe62f-d16a-4125-94e2-bad4d3ebde12,48
2020/04/15 08:00:00+00,40,0,<10,<10,26,27,<10,18,<10,86,204,29,31,260,10,49,<10,65,0,50,63,70,<10,21,<10,0,0,23,26,22,71,16,109,40,53,16,13,<10,13,31,30,44,38,45,12,18,0,50,19,33,14,30,32,20,15,12,<10,13,25,<10,0,<10,26,35,<10,11,<10,<10,<10,<10,<10,<10,<10,0,0,0,4ba4c155-6355-4e30-ad62-1cb9ef0cd13b,49
2020/04/16 08:00:00+00,41,0,<10,<10,26,28,<10,19,<10,88,211,29,37,270,10,49,<10,69,0,54,64,72,<10,22,<10,0,0,23,27,23,75,16,112,41,55,16,13,<10,13,37,30,45,39,47,13,18,0,54,19,35,14,31,34,21,15,12,<10,13,25,<10,0,<10,28,37,<10,11,<10,<10,<10,<10,<10,<10,<10,0,0,0,6b8164b0-0bce-4d42-bbe8-5d2e11e30cf4,50
2020/04/17 08:00:00+00,43,0,<10,<10,27,29,<10,19,<10,90,228,29,39,291,10,49,<10,70,0,56,67,72,<10,23,<10,0,0,25,27,23,76,16,126,44,55,16,13,<10,13,39,30,46,39,47,14,21,0,56,19,39,14,33,37,21,16,12,<10,13,25,10,0,<10,35,39,<10,11,<10,<10,<10,<10,<10,<10,<10,0,0,0,1a68f3e3-6a5d-42ae-bcd7-bd274b812c7a,51
2020/04/18 08:00:00+00,44,0,<10,<10,30,29,<10,19,<10,90,239,29,42,314,10,49,<10,74,0,56,71,76,<10,23,<10,0,0,25,27,23,81,16,135,45,58,16,13,<10,13,42,30,49,42,48,15,21,0,56,19,41,14,35,38,21,16,12,<10,13,27,10,0,<10,46,44,<10,11,<10,<10,<10,<10,<10,<10,<10,0,0,0,4b7f4deb-56bf-42b5-ae87-0c804a7f2c0f,52
2020/04/19 08:00:00+00,44,0,<10,<10,31,29,<10,19,<10,91,247,29,42,328,10,49,<10,79,0,57,73,76,<10,23,<10,0,0,25,28,23,83,16,142,45,58,16,13,<10,13,42,30,50,47,48,15,22,0,57,19,42,15,38,39,22,16,13,<10,13,27,10,0,<10,50,46,<10,11,<10,<10,<10,<10,<10,<10,<10,0,0,0,86e6139f-8387-44d6-8e10-550e12e41541,53
2020/04/20 08:00:00+00,45,0,10,<10,31,29,<10,19,<10,94,252,30,49,344,10,49,<10,82,0,57,76,77,<10,23,<10,0,0,26,30,23,83,16,147,45,58,17,13,<10,13,49,30,50,49,48,16,25,0,57,19,46,15,39,40,22,16,15,<10,13,27,11,0,<10,54,49,<10,11,<10,<10,<10,<10,<10,<10,<10,0,0,0,3d38b955-240d-41b8-b776-45e8e7522579,54
2020/04/21 08:00:00+00,46,0,10,<10,32,29,<10,19,<10,94,253,31,50,371,10,49,<10,83,0,57,79,79,<10,23,<10,0,0,26,30,23,85,16,148,45,60,18,13,<10,13,50,30,51,49,48,17,26,0,57,19,52,15,39,41,22,16,15,<10,13,27,11,0,<10,71,52,<10,11,<10,<10,<10,<10,<10,<10,<10,0,0,0,ffebe0ba-1887-4259-947b-09a9bb84e94f,55
2020/04/22 08:00:00+00,46,0,10,<10,32,32,<10,19,<10,96,258,31,53,384,10,50,<10,84,0,59,87,82,<10,26,<10,0,0,26,31,23,90,18,150,45,62,18,13,<10,14,53,31,51,50,52,17,26,0,59,19,56,15,40,42,22,18,16,<10,14,27,11,0,<10,74,52,<10,11,<10,<10,<10,<10,<10,<10,<10,0,0,0,f6f1c4b8-9f97-4137-98c1-098a5ffce497,56
2020/04/23 08:00:00+00,47,0,11,<10,32,33,<10,21,<10,96,267,31,54,404,10,51,<10,86,0,61,97,83,<10,27,<10,0,0,26,31,23,97,19,156,47,63,18,13,<10,14,54,32,53,50,56,17,27,0,61,19,62,15,40,43,22,19,17,<10,16,28,11,0,<10,83,52,<10,11,<10,<10,<10,<10,<10,<10,<10,0,0,0,16a89f6a-f918-446c-a18e-38a556067001,57
2020/04/24 08:00:00+00,47,0,12,<10,32,33,<10,22,<10,98,276,31,55,412,10,51,<10,87,0,62,98,83,<10,27,<10,0,0,26,32,23,99,19,161,50,63,18,13,<10,15,55,32,54,51,56,17,27,0,62,19,62,15,40,46,22,19,18,<10,16,28,12,0,<10,83,55,<10,11,<10,<10,<10,<10,<10,<10,<10,0,0,0,0dadf9e7-4097-4ea7-8059-65635e5b5247,58
2020/04/25 08:00:00+00,47,0,12,<10,32,33,<10,22,<10,99,282,31,55,429,10,51,<10,88,0,62,102,84,<10,27,<10,0,0,26,33,23,100,19,165,52,64,18,13,<10,15,55,32,54,51,59,17,28,0,62,19,66,17,42,48,22,19,18,<10,17,28,12,0,<10,83,61,<10,11,<10,<10,<10,<10,<10,<10,<10,0,0,0,6b607cee-9b18-490a-b617-d4eb971a9013,59
2020/04/26 08:00:00+00,48,0,12,<10,33,33,<10,24,<10,100,288,33,55,442,10,51,<10,91,0,65,106,85,<10,27,<10,0,0,26,33,23,104,19,169,53,64,19,14,<10,16,55,32,57,54,61,17,28,0,65,19,71,17,43,50,22,20,18,<10,18,28,12,0,<10,83,64,<10,12,<10,<10,<10,<10,<10,<10,<10,0,0,0,74e0f453-6d79-41b3-bd88-a22cebd31bb6,60
2020/04/27 08:00:00+00,50,0,14,<10,34,34,<10,24,<10,101,294,33,55,448,10,51,<10,91,0,68,108,86,<10,28,<10,0,0,27,33,23,106,19,174,53,64,19,14,<10,16,55,32,58,54,63,17,28,0,68,19,71,17,43,53,22,20,18,<10,18,28,12,0,<10,84,66,<10,14,<10,<10,<10,<10,<10,<10,<10,0,0,0,440c3ca8-314a-4869-bd87-ce58ab6aaa7e,61
2020/04/28 08:00:00+00,50,0,16,<10,34,34,<10,25,<10,103,308,34,56,452,10,52,<10,92,0,68,110,86,<10,28,<10,0,0,29,33,23,109,21,185,53,64,19,15,<10,16,56,32,59,55,63,17,28,0,68,20,72,17,44,54,22,21,18,<10,18,28,12,0,<10,84,66,<10,14,<10,<10,<10,<10,<10,<10,<10,0,0,0,cc09dd57-9cc3-4983-bae9-f6c3709e7586,62
2020/04/29 08:00:00+00,51,0,16,<10,34,35,<10,25,<10,104,315,34,57,458,10,52,<10,93,0,69,123,87,<10,28,<10,0,0,29,34,23,122,21,190,54,65,19,15,<10,16,57,32,59,55,65,18,28,0,69,20,75,18,44,54,22,21,19,<10,19,28,12,0,<10,84,67,<10,15,<10,<10,<10,<10,<10,<10,<10,0,0,0,c788e642-ee76-4121-937c-f627030c5969,63
2020/04/30 08:00:00+00,52,0,22,<10,35,35,<10,25,<10,105,325,35,57,474,10,52,<10,94,0,72,125,87,<10,28,<10,0,0,29,34,23,123,21,199,55,65,19,16,<10,17,57,32,60,56,65,18,29,0,72,20,81,18,45,55,24,22,19,<10,19,28,12,0,<10,84,72,<10,16,<10,<10,<10,<10,<10,<10,<10,0,0,0,56fa3cf2-24b0-49a2-8277-4f180a8583f6,64
2020/05/01 08:00:00+00,52,0,22,<10,35,36,<10,25,<10,106,341,37,58,500,10,52,<10,100,0,75,129,90,<10,29,<10,0,0,30,34,23,127,21,211,57,67,19,18,<10,17,58,32,60,60,69,19,29,0,75,20,93,18,47,56,26,27,19,<10,19,28,13,0,<10,84,75,<10,16,<10,<10,<10,<10,<10,<10,<10,0,0,0,e09e4bf8-13a2-4981-aad7-ddca761551af,65
2020/05/02 08:00:00+00,53,0,26,<10,35,37,<10,25,<10,111,353,38,59,515,10,53,<10,100,0,76,131,92,<10,30,<10,0,0,33,34,24,129,21,222,57,68,19,19,10,18,59,32,60,60,70,19,29,0,76,21,99,18,48,58,26,27,19,<10,19,28,13,0,<10,84,81,<10,17,<10,<10,<10,<10,<10,<10,<10,0,0,0,bb6696a8-0fea-4e5d-b964-e8bb50378f1a,66
2020/05/03 08:00:00+00,54,0,26,<10,35,37,<10,25,<10,111,354,38,59,529,10,53,<10,103,0,76,135,94,<10,30,<10,0,0,33,34,24,133,21,223,57,70,19,19,10,18,59,32,60,61,72,19,29,0,76,21,102,18,49,59,29,29,19,<10,20,28,13,0,<10,85,83,<10,17,<10,<10,<10,<10,<10,<10,<10,0,0,0,7b42bc31-9b5d-4ccf-8328-c2d3521e4cfc,67
2020/05/04 08:00:00+00,55,0,27,<10,35,37,<10,26,<10,114,360,38,60,539,10,53,<10,106,0,76,144,94,<10,30,<10,0,0,33,37,24,141,21,228,57,70,19,19,10,18,60,32,61,63,73,19,31,0,76,21,107,18,49,59,30,29,19,<10,21,28,14,0,<10,85,85,10,17,<10,<10,<10,<10,<10,<10,<10,0,0,0,b55dff5f-870a-48bd-91f6-cc892213146a,68
2020/05/05 08:00:00+00,59,0,29,<10,35,37,<10,26,<10,115,376,38,62,556,10,53,<10,106,0,76,147,94,<10,30,<10,0,0,33,37,25,142,21,243,57,70,19,19,10,18,62,32,61,63,74,19,33,0,76,21,108,18,52,62,33,32,19,<10,22,28,14,0,<10,85,88,11,19,<10,<10,<10,<10,<10,<10,<10,0,0,0,3b6b9341-db9e-42a9-ac3f-bc5ac95d58ea,69
2020/05/06 08:00:00+00,62,0,29,<10,35,37,<10,26,<10,118,389,39,62,578,10,55,<10,108,0,78,153,96,<10,30,<10,0,0,33,40,25,147,23,251,57,72,20,19,10,18,62,34,61,63,76,19,37,0,78,21,113,18,57,64,35,34,19,<10,22,29,16,0,<10,85,91,12,20,<10,<10,<10,<10,<10,<10,<10,0,0,0,18a4b90f-e695-4318-ae2f-468ae214c96a,70
2020/05/07 08:00:00+00,64,0,31,<10,35,37,<10,26,<10,118,401,40,62,598,10,55,<10,109,0,80,156,97,<10,30,<10,0,0,33,40,25,151,23,259,58,73,21,19,10,18,62,34,61,64,76,19,39,0,80,21,122,19,58,66,37,34,22,<10,22,29,17,0,<10,86,92,13,20,<10,<10,<10,<10,<10,<10,<10,0,0,0,d53a8356-1610-46f8-8d6f-d0ea679927b9,71
2020/05/08 08:00:00+00,65,0,31,<10,35,38,<10,26,<10,121,420,40,63,630,10,55,<10,110,0,81,157,101,<10,31,<10,0,0,34,42,25,157,23,270,60,76,21,19,10,18,63,34,61,65,77,19,40,0,81,21,130,20,61,68,41,36,22,<10,22,30,17,0,<10,87,102,13,21,<10,<10,<10,<10,<10,<10,<10,0,0,0,11fc1db7-5779-46f0-a00b-641db3b6da21,72
2020/05/09 08:00:00+00,65,0,32,<10,38,38,<10,26,<10,122,429,40,66,642,10,55,<10,110,0,82,160,102,<10,31,<10,0,0,34,43,25,161,23,278,60,77,21,19,10,18,66,34,64,65,77,19,40,0,82,21,138,20,64,69,41,36,22,<10,22,30,17,0,<10,87,102,13,21,<10,<10,<10,<10,<10,<10,<10,0,0,0,0c64cb41-aa10-4aa6-ac0e-37914141f64e,73
2020/05/10 08:00:00+00,65,0,33,<10,46,38,<10,26,<10,123,430,41,68,661,10,55,<10,110,0,82,160,102,<10,31,<10,0,0,34,44,25,161,23,278,61,77,22,19,10,18,68,34,72,65,77,19,40,0,82,21,148,20,64,70,43,36,23,<10,22,30,17,0,<10,88,106,13,21,<10,<10,<10,<10,<10,<10,<10,0,0,0,aa283d00-3343-4b1d-afc1-e89675d8a434,74
2020/05/11 08:00:00+00,66,0,33,<10,47,38,<10,26,<10,125,435,41,68,681,10,55,<10,111,0,83,160,102,<10,31,<10,0,0,35,45,25,161,23,280,64,77,22,19,10,18,68,34,73,66,77,19,40,0,83,21,158,20,65,73,46,36,23,<10,22,30,17,0,<10,89,108,13,22,<10,<10,<10,<10,<10,<10,<10,0,0,0,e62f2623-205d-4b0e-aed0-f464ecd3edf6,75
2020/05/12 08:00:00+00,66,0,34,<10,48,38,<10,26,<10,126,447,41,68,694,10,55,<10,113,0,86,164,104,<10,31,<10,0,0,36,45,25,164,25,288,65,79,22,19,10,18,68,34,74,67,77,20,43,0,86,21,162,21,69,73,48,36,24,<10,22,30,17,0,<10,89,109,13,22,<10,<10,<10,<10,<10,<10,<10,0,0,0,dee8424a-d2a4-408f-8563-f27bff0b77dd,76
2020/05/13 08:00:00+00,66,0,37,<10,51,40,<10,26,<10,128,452,43,69,724,10,56,<10,116,0,92,167,106,<10,32,<10,0,0,36,46,25,165,25,293,65,81,24,19,10,19,69,35,77,69,78,21,44,0,92,21,175,22,76,77,51,36,24,<10,22,30,17,0,<10,90,110,13,22,<10,<10,<10,<10,<10,<10,<10,0,0,0,1f269b14-e1d1-4a56-a0e4-2f5a94b29225,77
2020/05/14 08:00:00+00,66,0,38,11,51,41,<10,26,<10,134,467,43,69,747,10,56,<10,118,0,93,168,108,10,33,<10,0,0,37,51,25,168,25,304,68,82,24,19,10,19,69,35,77,70,80,21,44,0,93,21,187,22,82,79,51,36,24,<10,22,30,17,0,<10,91,112,13,22,<10,<10,<10,<10,<10,<10,<10,0,0,0,bc8662be-414a-46b1-abdd-f293dc575aba,78
2020/05/15 08:00:00+00,67,0,40,11,51,41,<10,26,<10,136,484,43,70,777,10,56,<10,121,0,96,169,108,13,33,<10,0,0,37,52,25,173,27,315,71,82,24,19,10,20,70,35,77,72,80,22,44,0,96,21,192,24,84,80,61,37,25,<10,22,31,18,0,<10,93,115,14,22,<10,<10,<10,<10,<10,<10,<10,0,0,0,bc4b65e6-66d9-4c23-ba31-48527e41c577,79
2020/05/16 08:00:00+00,68,0,43,11,51,43,<10,26,<10,137,488,43,72,811,10,58,<10,121,0,97,172,109,13,35,<10,0,0,37,52,25,176,27,319,71,83,24,19,10,21,72,37,77,72,80,22,44,0,97,21,204,28,88,85,63,38,25,<10,22,31,18,0,<10,97,117,15,22,<10,<10,<10,<10,<10,<10,<10,0,0,0,108f6cd6-9e30-43b2-89cd-c478fa6556bf,80
2020/05/17 08:00:00+00,69,0,46,12,51,43,<10,26,<10,139,489,43,72,829,10,58,<10,125,0,99,175,109,13,35,<10,0,0,37,54,25,178,27,320,71,83,24,19,11,21,72,37,77,76,80,22,45,0,99,21,211,30,91,86,63,39,26,<10,22,31,18,0,<10,99,118,15,22,10,<10,<10,<10,<10,<10,<10,0,0,0,08b4a19d-02e8-47b4-bdc2-9d6c81c91ba1,81
2020/05/18 08:00:00+00,70,0,46,12,52,43,<10,26,<10,141,505,43,74,855,11,58,<10,130,0,102,177,110,13,35,<10,0,0,37,56,25,181,29,330,73,84,24,19,12,21,74,37,78,77,81,25,46,0,102,21,219,33,94,86,67,40,26,<10,24,32,19,0,<10,100,120,15,22,10,<10,<10,<10,<10,<10,<10,0,0,0,57158330-2f8c-4252-a656-fa12c8468760,82
2020/05/19 08:00:00+00,71,0,49,12,52,43,<10,26,<10,145,512,43,74,884,11,58,<10,132,0,104,179,111,13,35,<10,0,0,38,57,25,183,29,335,75,84,24,19,12,23,74,37,78,79,82,25,46,0,104,21,226,36,96,91,72,40,26,<10,24,32,19,0,<10,103,123,15,23,10,<10,<10,<10,<10,<10,<10,0,0,0,0d12aee2-e4ce-4864-9000-7b9c85699dca,83
2020/05/20 08:00:00+00,72,0,51,14,52,43,<10,26,<10,146,518,43,75,929,11,58,<10,134,0,105,185,111,13,35,<10,0,0,38,58,25,188,29,339,76,84,24,19,13,23,75,37,78,81,82,25,48,0,105,21,241,38,100,98,75,42,27,<10,24,32,19,0,<10,106,131,16,23,10,<10,<10,<10,<10,<10,<10,0,0,0,833b73b0-f8e1-4fd6-9227-dfa57d62c4a3,84
2020/05/21 08:00:00+00,80,0,56,14,52,44,<10,26,<10,149,529,44,82,966,12,59,<10,136,0,106,188,111,13,36,<10,0,0,38,61,25,191,29,346,78,84,24,20,13,23,82,38,78,82,82,26,50,0,106,21,255,39,105,103,80,42,27,<10,24,33,19,0,<10,108,135,17,30,10,<10,<10,<10,<10,<10,<10,0,0,0,2f0d3bef-0786-4a50-acda-d68baef7fa3f,85
2020/05/22 08:00:00+00,86,0,58,14,52,45,<10,26,<10,150,543,46,82,1004,13,59,<10,140,0,108,192,111,13,37,<10,0,0,38,62,25,196,29,356,80,84,24,22,13,23,82,38,78,84,84,26,51,0,108,21,275,39,110,108,81,42,27,<10,24,34,19,0,<10,109,141,18,33,11,<10,<10,<10,<10,<10,<10,0,0,0,271f330e-165d-4401-8420-3d2a347f70cf,86
2020/05/23 08:00:00+00,86,0,59,14,52,45,<10,26,<10,153,551,47,84,1045,13,59,<10,141,0,110,195,113,13,37,<10,0,0,38,64,26,201,30,361,80,86,24,23,13,23,84,38,78,84,84,27,51,0,110,21,299,41,112,111,82,43,29,10,24,34,19,0,<10,113,142,18,33,11,<10,<10,<10,<10,<10,<10,0,0,0,24f284ee-8885-4708-a78c-dc23fc656a2b,87
2020/05/24 08:00:00+00,86,0,61,15,52,45,<10,26,<10,156,562,49,90,1082,13,60,<10,145,0,112,196,114,13,37,<10,0,0,40,64,27,203,31,365,85,87,24,25,13,23,90,38,78,87,85,27,51,0,112,22,315,42,118,112,85,44,29,10,26,35,19,0,<10,114,147,18,33,11,<10,<10,<10,<10,<10,<10,0,0,0,73eb9f0e-d4b9-4788-96df-d5b25f590a13,88
2020/05/25 08:00:00+00,86,0,63,16,52,47,<10,26,<10,161,567,49,91,1118,13,60,<10,147,0,113,200,115,13,39,<10,0,0,41,67,27,207,31,369,85,88,25,25,13,24,91,38,78,88,86,27,52,0,113,22,331,42,126,116,88,45,29,10,26,35,19,0,<10,116,149,18,33,11,<10,<10,<10,<10,<10,<10,0,0,0,8dfd900a-3a5b-4241-9a5f-201485653675,89
2020/05/26 08:00:00+00,89,0,64,16,53,47,<10,26,10,163,571,49,94,1155,13,60,<10,150,0,114,200,115,13,39,<10,0,0,42,67,27,209,31,371,85,88,25,25,13,25,94,38,79,88,87,29,52,0,114,22,341,43,131,121,93,45,31,10,26,37,19,0,<10,117,156,20,34,11,<10,<10,<10,<10,<10,<10,0,0,0,a19a511d-15ac-4172-b11b-4620ddf0e941,90
2020/05/27 08:00:00+00,89,0,65,17,54,48,<10,26,10,164,583,49,99,1171,13,60,<10,152,0,122,204,115,13,40,<10,0,0,42,67,27,213,31,380,86,88,25,25,13,26,99,38,80,89,88,29,54,0,122,22,348,44,135,121,93,45,32,10,26,37,19,0,<10,117,159,20,34,11,<10,<10,<10,<10,<10,<10,0,0,0,da128c02-c75b-4d0b-bb06-b9e4f8354f01,91
2020/05/28 08:00:00+00,92,0,69,20,55,50,<10,26,10,170,599,50,100,1231,13,61,<10,154,0,124,209,115,13,41,<10,0,0,44,71,27,220,31,388,90,88,25,26,13,26,100,38,81,89,91,29,55,0,124,23,374,45,142,129,97,45,32,10,27,41,19,0,<10,117,168,21,36,11,<10,<10,<10,<10,<10,<10,0,0,0,2911d916-8863-4561-af95-da9a876604f2,92
2020/05/29 08:00:00+00,94,0,71,23,55,51,<10,26,10,177,619,52,105,1282,13,62,<10,157,0,126,214,117,14,41,10,0,0,47,73,27,227,31,401,94,88,27,26,13,28,105,38,81,90,95,29,57,0,126,24,391,46,148,133,98,47,32,10,27,41,19,0,<10,126,179,22,36,11,<10,<10,<10,<10,<10,<10,0,0,0,3095a6d1-345c-4dd7-8b32-a9276509f927,93
2020/05/30 08:00:00+00,94,0,72,24,55,53,<10,27,10,180,638,53,105,1345,13,63,<10,160,0,129,219,118,14,43,10,0,0,48,75,27,234,31,412,98,89,27,27,13,28,105,38,82,91,96,31,58,0,129,25,416,49,158,134,101,47,33,10,29,41,21,0,<10,129,192,22,36,11,<10,<10,<10,<10,<10,<10,0,0,0,69b56ce4-8424-4e6f-a349-638aeea3fedb,94
2020/05/31 08:00:00+00,94,0,72,24,55,53,<10,27,10,181,644,53,105,1367,13,63,<10,160,0,129,222,118,14,43,10,0,0,49,75,27,237,31,416,99,89,27,27,14,28,105,38,82,91,96,31,59,0,129,25,423,51,161,134,104,48,33,10,29,41,21,0,<10,130,197,22,36,11,<10,<10,<10,<10,<10,<10,0,0,0,b55c607b-e216-4335-a694-6e319d8e244a,95
2020/06/01 08:00:00+00,96,0,73,24,55,53,<10,27,10,184,652,53,105,1406,13,63,<10,161,0,129,222,120,14,43,10,0,0,51,76,27,239,31,421,100,90,28,27,14,28,105,38,82,91,97,32,59,0,129,25,433,52,169,136,106,49,33,12,32,44,21,0,<10,131,203,22,37,11,<10,<10,<10,<10,<10,<10,0,0,0,fcf414d1-4aad-44bd-8a37-8bdcc500584f,96
2020/06/02 08:00:00+00,97,0,73,24,55,53,<10,28,10,184,672,53,107,1456,13,64,<10,163,0,130,225,121,14,43,10,0,0,51,76,27,244,31,434,104,90,28,27,14,28,107,38,83,91,100,32,60,0,130,26,452,54,184,136,108,50,35,12,32,47,22,0,<10,132,207,23,37,11,<10,<10,<10,<10,<10,<10,0,0,0,2c60c86b-7c0e-4886-8cd6-b415fa4fa02a,97
2020/06/03 08:00:00+00,98,0,73,25,55,53,<10,28,10,188,686,53,112,1492,13,64,<10,163,0,131,231,124,14,43,10,0,0,52,79,27,247,31,443,107,92,28,27,15,28,112,38,83,91,101,32,64,0,131,26,463,54,188,138,112,53,36,12,32,48,22,0,<10,134,215,23,37,11,<10,<10,<10,<10,<10,10,0,0,0,0a0d91fe-6ee1-437d-ba25-74ea659f70cf,98
2020/06/04 08:00:00+00,98,0,73,28,55,54,<10,28,10,191,697,54,114,1527,13,65,<10,164,0,131,233,124,21,44,10,0,0,53,81,27,256,31,452,108,92,29,27,15,28,114,38,83,92,102,32,64,0,131,27,468,55,197,140,115,55,37,12,32,49,23,0,<10,136,223,23,37,11,<10,<10,<10,<10,<10,10,0,0,0,2edbcf62-54f8-4e38-ae30-ef2b89b2488a,99
2020/06/05 08:00:00+00,103,0,73,29,56,55,<10,29,10,192,707,54,115,1561,13,65,<10,165,<10,136,238,124,21,45,10,0,0,53,81,28,260,31,461,109,92,29,27,15,28,115,38,85,93,103,32,64,<10,136,27,486,57,199,141,122,56,37,12,32,49,24,0,<10,136,225,25,38,12,<10,<10,<10,<10,<10,10,0,0,0,78415c38-1394-4b2d-999f-1b534572c6ec,100
2020/06/06 08:00:00+00,103,0,74,31,56,55,<10,29,10,200,713,55,117,1587,13,66,<10,172,<10,138,242,124,24,45,10,0,0,54,88,28,265,32,464,109,92,30,27,15,28,117,38,85,96,105,35,67,<10,138,28,493,58,203,142,126,56,37,12,33,49,24,0,<10,138,231,25,38,12,<10,<10,<10,<10,<10,10,0,0,0,cc943e5c-3612-4092-a4c1-503635c0bef5,101
2020/06/07 08:00:00+00,105,0,76,33,56,55,<10,29,10,203,721,55,119,1621,13,66,<10,177,<10,141,244,125,31,45,10,0,0,55,90,28,273,32,468,112,92,30,27,15,28,119,38,85,98,110,36,67,<10,141,28,503,59,209,148,129,57,37,12,33,49,24,0,<10,139,237,25,38,12,<10,11,<10,<10,<10,10,0,0,0,c4c23bfa-ad3d-4610-998c-f5730d31b3cb,102
2020/06/08 08:00:00+00,109,0,77,34,56,56,<10,30,11,206,721,55,120,1634,13,66,<10,177,<10,142,246,128,31,46,10,0,0,57,90,29,273,32,468,112,93,30,27,17,28,120,38,86,98,111,36,68,<10,142,28,506,61,209,151,129,57,38,12,33,49,24,0,<10,139,242,25,40,13,<10,11,<10,<10,<10,10,0,0,0,55433ff1-c9bb-4150-bfab-93d662e76747,103
2020/06/09 08:00:00+00,112,<10,77,34,56,58,<10,30,11,208,725,55,121,1670,13,66,<10,183,<10,144,254,130,34,48,10,0,0,57,91,29,283,32,469,113,93,30,27,18,29,121,38,86,102,116,36,69,<10,144,28,521,61,214,153,130,58,39,13,33,49,24,0,<10,140,251,26,40,13,<10,12,<10,<10,<10,12,0,0,0,6f817a2b-4da5-434d-9cfb-f36522dc1524,104
2020/06/10 08:00:00+00,112,<10,78,34,56,58,<10,30,12,212,736,55,122,1703,13,66,<10,187,<10,147,260,131,34,48,10,0,0,57,91,33,286,32,478,113,94,30,27,18,29,122,38,86,103,122,37,70,<10,147,28,532,61,219,155,133,62,40,13,33,50,24,0,<10,140,258,26,40,13,<10,12,<10,<10,<10,12,0,0,0,42b786ee-a5a2-43d2-8acb-8744b72ab722,105
2020/06/11 08:00:00+00,113,<10,79,34,57,58,<10,30,12,219,752,55,122,1753,13,67,<10,191,<10,149,263,135,41,48,10,0,0,64,91,33,300,32,488,114,98,30,27,18,29,122,38,87,105,123,38,71,<10,149,29,552,63,228,159,135,64,42,13,33,50,24,0,<10,142,265,27,40,13,<10,12,<10,<10,<10,12,0,0,0,9d6bc600-ef5c-407a-aee4-264c65a49e9e,106
2020/06/12 08:00:00+00,114,<10,80,34,57,59,<10,31,13,221,757,57,122,1778,13,68,<10,197,<10,150,265,137,41,49,10,0,0,64,92,34,301,32,493,114,100,31,28,18,29,122,39,88,107,128,38,71,<10,150,29,558,63,235,161,136,64,44,14,33,51,24,0,<10,142,271,28,40,13,<10,12,<10,<10,<10,12,0,0,0,93644dde-cc6e-43cb-b94a-775fbe305264,107
2020/06/13 08:00:00+00,114,<10,80,36,57,59,<10,33,14,224,763,59,123,1813,13,68,<10,199,<10,153,276,140,42,49,10,0,0,65,94,34,306,32,498,115,103,33,28,18,29,123,39,90,107,133,38,75,<10,153,29,573,64,245,163,137,64,45,15,33,51,24,0,<10,142,276,28,40,13,<10,12,<10,<10,<10,12,0,0,0,7d086bd7-ecad-4130-90cc-b23267093f39,108
2020/06/14 08:00:00+00,114,<10,81,39,57,63,<10,35,14,226,777,61,125,1846,13,68,<10,205,<10,156,282,147,43,53,10,0,0,66,95,34,309,32,510,116,111,34,29,18,29,125,39,92,113,134,38,78,<10,156,29,580,64,251,163,143,65,46,15,34,51,24,0,<10,146,283,28,40,13,<10,12,<10,<10,<10,12,0,0,0,6f13f084-c2f9-46eb-9f37-ac527f426c0c,109
2020/06/15 08:00:00+00,114,<10,81,42,57,66,<10,35,14,227,800,66,126,1867,13,68,<10,207,<10,156,286,147,45,56,10,0,0,67,95,34,312,33,530,117,111,36,32,18,29,126,39,92,114,134,39,82,<10,156,29,586,64,258,163,146,67,46,15,34,51,25,0,<10,146,284,28,40,13,<10,12,<10,<10,<10,12,0,0,0,106525d3-9ef7-456b-b392-c9000982c6ab,110
2020/06/16 08:00:00+00,115,<10,83,42,58,67,<10,35,14,228,826,70,128,1894,13,69,<10,210,<10,159,295,147,49,57,10,0,0,67,96,34,322,33,554,118,111,38,34,18,29,128,39,93,116,136,39,85,<10,159,30,601,65,264,164,147,68,46,15,34,51,25,0,<10,146,286,28,41,13,<10,12,<10,<10,<10,12,0,0,0,49a5e211-9f5e-4312-ab10-2cacca42541c,111
2020/06/17 08:00:00+00,116,<10,83,47,58,68,<10,37,14,232,837,88,129,1927,13,70,<10,211,<10,159,305,150,49,58,10,0,0,69,97,34,330,33,563,119,114,49,41,18,30,129,40,95,117,138,39,86,<10,159,30,606,65,271,165,151,68,46,15,34,51,25,0,<10,146,302,28,41,13,<10,12,<10,<10,<10,13,0,0,0,3fcc3e80-ece7-473a-8435-80a9c53b4d59,112
2020/06/18 08:00:00+00,118,<10,83,48,58,68,<10,39,14,232,850,92,129,1943,13,72,<10,212,<10,163,307,150,49,58,10,0,0,69,97,34,333,33,569,123,114,51,43,18,30,129,42,97,118,139,39,87,<10,163,30,609,66,275,168,152,68,47,15,34,52,25,0,<10,146,304,28,41,14,<10,12,<10,<10,<10,13,0,0,0,01b25f89-a0ac-487f-b4c5-cbd787f950b0,113
2020/06/19 08:00:00+00,120,<10,84,54,58,71,10,42,14,239,868,109,142,2000,13,76,<10,222,<10,166,317,157,50,61,10,0,0,73,98,36,341,34,583,125,119,60,51,18,30,142,45,100,122,150,39,88,<10,166,31,631,69,284,173,157,68,48,15,37,53,25,0,<10,149,309,28,41,16,<10,13,<10,<10,<10,13,0,0,0,b13b8c04-5216-42ca-8c1d-f18b72bb44c2,114
2020/06/20 08:00:00+00,123,<10,87,55,58,71,10,43,15,242,876,112,145,2066,13,79,<10,231,<10,167,320,161,61,61,10,0,0,74,98,37,354,34,588,127,122,60,54,18,31,145,46,101,127,155,41,88,<10,167,33,650,69,293,179,162,69,58,16,37,54,27,0,<10,149,322,30,41,16,<10,13,<10,<10,<10,13,0,0,0,10b81f88-f364-417d-9ab8-78dc16aae92d,115
2020/06/21 08:00:00+00,124,<10,89,55,59,74,10,45,18,252,892,123,146,2157,13,82,<10,245,<10,175,327,164,63,64,10,0,0,76,105,38,361,35,599,130,124,66,59,18,31,146,48,104,137,161,42,89,<10,175,34,681,69,312,191,167,73,62,17,39,55,27,0,<10,152,334,30,41,16,<10,13,<10,<10,<10,14,0,0,0,61b6c7a0-532a-45a1-9fc4-6a6511356575,116
2020/06/22 08:00:00+00,131,<10,90,64,59,75,11,45,18,256,906,127,149,2212,13,82,<10,251,<10,177,334,166,64,65,10,0,0,77,107,38,372,35,606,131,126,70,60,18,32,149,48,104,141,165,42,90,<10,177,34,700,71,323,192,172,76,63,18,39,56,27,0,<10,157,339,31,44,17,10,14,<10,<10,<10,14,0,0,0,e80192bd-9415-4212-9bae-d312968d887d,117
2020/06/23 08:00:00+00,136,<10,90,65,59,78,11,45,18,260,910,128,153,2256,13,84,<10,257,<10,178,341,169,64,68,10,0,0,78,109,38,378,35,609,131,129,71,60,18,33,153,49,104,143,170,42,91,<10,178,35,710,72,330,193,177,78,64,18,39,56,27,0,10,160,352,31,45,19,10,14,<10,<10,<10,14,<10,0,0,d108d4c2-e74c-4869-bac1-3d10a3b2e326,118
2020/06/24 08:00:00+00,139,<10,90,66,59,81,11,46,18,263,926,131,154,2271,13,87,<10,264,<10,181,344,173,64,71,10,0,0,78,111,38,384,35,617,133,133,73,61,18,34,154,51,105,148,172,42,94,<10,181,36,712,73,332,194,179,79,65,18,39,56,27,0,10,160,357,31,46,20,10,14,<10,<10,<10,14,<10,0,0,50beaeec-4b1d-4c3a-9ea4-8a1468d5c940,119
2020/06/25 08:00:00+00,141,<10,90,67,59,86,11,47,18,271,945,146,159,2305,13,99,<10,272,<10,185,349,176,64,76,10,0,0,84,113,38,390,39,627,136,135,82,67,18,34,159,56,106,151,177,43,95,<10,185,43,720,73,335,196,182,84,65,18,39,56,29,0,10,160,367,31,46,21,10,14,<10,<10,<10,15,<10,0,0,083bd17d-6b86-47a9-a338-4f9b69685f7f,120
2020/06/26 08:00:00+00,145,<10,90,73,59,86,11,48,18,274,948,149,160,2334,13,100,<10,275,<10,188,353,178,64,76,10,0,0,85,115,38,393,39,629,136,136,84,68,18,34,160,56,107,152,181,43,96,<10,188,44,733,75,338,197,184,86,65,18,40,56,29,0,10,162,370,32,46,21,11,14,<10,<10,<10,15,<10,0,0,4b08c612-650a-478c-beb4-b1578b2c4f3d,121
2020/06/27 08:00:00+00,147,<10,91,87,60,89,11,52,20,280,976,154,161,2391,13,103,<10,283,<10,190,362,184,64,78,11,0,0,87,118,38,405,43,646,137,141,87,70,18,35,161,57,112,155,187,44,98,<10,190,46,753,75,344,199,186,94,67,19,41,56,30,0,10,163,385,32,46,22,12,14,<10,<10,<10,15,<10,0,0,bd648695-ee87-4ed5-aecb-eeadd1c02aba,122
2020/06/28 08:00:00+00,149,<10,91,96,62,92,11,56,25,293,1000,168,162,2457,13,118,<10,294,<10,193,371,191,66,81,11,0,0,99,118,39,416,45,657,143,146,96,75,19,35,162,60,118,160,192,47,102,<10,193,58,779,77,355,204,188,98,75,19,43,57,31,0,10,163,394,32,46,23,12,14,<10,<10,<10,16,<10,0,0,5a240335-118b-4bfe-b1b4-40ace412fa6c,123
2020/06/29 08:00:00+00,154,<10,91,99,62,97,13,57,26,305,1014,176,165,2508,14,122,<10,299,<10,195,377,194,67,85,12,0,0,107,121,40,421,50,664,143,148,102,78,20,35,165,61,119,163,196,47,104,<10,195,61,792,78,368,207,192,99,77,22,44,60,32,0,11,163,401,32,46,25,14,16,<10,<10,<10,17,<10,0,0,411763b9-b66c-4ca9-a303-a582fcea5607,124
2020/06/30 08:00:00+00,164,<10,91,100,62,97,14,58,27,317,1037,187,166,2565,14,123,<10,310,<10,197,386,196,67,85,12,0,0,110,125,44,436,50,675,146,150,109,82,20,36,166,61,120,169,201,47,107,<10,197,62,807,80,378,213,194,104,80,24,45,60,32,0,11,166,410,32,51,28,15,17,<10,<10,<10,17,<10,0,0,0d92e9e0-7d6f-4145-aa5a-725aa1ab4fac,125
2020/07/01 08:00:00+00,167,<10,91,104,62,100,14,60,28,330,1064,195,166,2649,14,125,<10,323,<10,200,392,200,68,88,12,0,0,114,130,48,446,54,683,156,154,111,88,20,36,166,62,122,179,204,48,108,<10,200,63,823,83,393,222,202,109,84,28,45,60,34,0,11,168,427,32,52,29,16,17,<10,<10,<10,17,<10,0,0,1ce19195-a78a-4071-a879-ad68e67d5b94,126
2020/07/02 08:00:00+00,187,<10,91,123,62,103,14,67,28,355,1087,203,167,2722,14,126,<10,330,<10,211,402,208,68,91,12,0,0,130,137,49,453,55,697,160,163,115,92,21,36,167,62,129,183,209,50,109,<10,211,64,851,84,404,225,207,110,87,35,46,60,34,0,11,169,439,32,53,45,19,17,<10,<10,<10,17,<10,0,0,cb591566-c554-475c-a7ae-ec0f10bf9bf5,127
2020/07/03 08:00:00+00,194,<10,92,129,62,105,16,70,32,368,1109,219,173,2821,14,130,<10,345,<10,220,415,214,70,92,13,0,0,134,143,51,463,56,711,163,170,117,106,21,37,173,64,132,195,215,51,113,<10,220,66,883,86,411,231,218,112,94,39,48,63,35,0,13,174,458,33,56,47,20,19,<10,<10,<10,17,<10,0,0,59e00a0b-7895-4029-bc7d-6203d9c0e397,128
2020/07/04 08:00:00+00,204,<10,93,133,62,113,18,74,32,391,1126,239,177,2909,15,137,<10,360,<10,228,433,219,71,99,14,0,0,143,154,53,482,56,717,168,175,124,119,21,38,177,68,136,208,219,52,116,<10,228,69,903,98,425,236,227,118,95,43,51,63,37,0,13,176,469,34,58,48,26,21,<10,<10,<10,17,<10,0,0,73bd801a-4b58-4666-89c8-a4a5cbb8afa5,129
2020/07/05 08:00:00+00,205,<10,93,133,63,118,18,75,33,400,1139,249,181,2962,15,142,<10,369,<10,232,437,222,72,104,14,0,0,144,158,53,484,57,724,172,179,130,123,21,42,181,68,138,214,224,52,117,<10,232,74,917,101,435,240,230,120,96,44,52,64,39,0,13,178,479,34,58,48,26,21,<10,<10,<10,18,<10,0,0,71e554d2-a181-4484-9668-f1745ba49859,130
2020/07/06 08:00:00+00,217,<10,94,133,63,120,20,79,33,410,1149,253,182,3003,16,143,<10,373,<10,235,439,222,73,106,14,0,0,147,163,54,488,57,727,175,179,131,126,21,43,182,69,142,218,226,52,117,<10,235,75,924,101,444,244,230,122,96,49,54,64,39,0,17,178,488,34,58,60,26,23,<10,<10,<10,18,<10,0,0,dfaf6aa2-5707-447b-95cc-2b6465b5ed54,131
2020/07/07 08:00:00+00,224,<10,94,136,63,123,21,79,33,417,1169,259,184,3072,16,143,<10,376,<10,241,451,223,74,109,14,0,0,149,165,55,502,59,734,177,182,133,130,21,44,184,69,142,220,227,53,122,<10,241,75,942,104,458,246,234,126,97,52,58,65,39,0,17,182,499,34,59,62,27,25,<10,<10,<10,19,<10,0,0,837f43d0-5994-4513-af61-a3f604e4d5a2,132
2020/07/08 08:00:00+00,237,<10,94,141,63,123,21,80,33,422,1183,267,189,3131,16,143,<10,383,<10,242,456,226,76,109,14,0,0,149,169,55,510,59,743,178,185,135,136,21,45,189,69,143,222,234,54,122,<10,242,75,954,105,468,254,241,132,99,53,60,66,42,0,17,184,504,35,60,70,27,25,<10,<10,<10,20,<10,0,0,d1cba794-5f8d-4816-bb2a-4e92a0176123,133
2020/07/09 08:00:00+00,249,<10,94,160,64,130,21,82,34,434,1191,282,197,3224,16,154,11,390,<10,245,463,228,77,116,14,0,0,153,177,55,516,60,748,178,186,143,145,22,45,197,74,146,227,237,54,125,<10,245,81,980,106,486,261,251,141,104,55,63,66,43,0,17,186,514,37,62,75,28,25,<10,<10,<10,21,<10,0,0,05e94217-248b-4ab1-a068-4775e1bbfb0b,134
2020/07/10 08:00:00+00,259,<10,94,162,65,132,21,86,35,448,1228,300,208,3296,16,157,12,402,<10,257,482,235,78,117,15,0,0,159,183,57,532,68,763,185,189,157,150,23,45,208,75,151,236,249,54,130,<10,257,83,991,109,511,266,257,145,105,56,66,67,46,0,17,187,523,37,64,80,28,25,<10,<10,<10,23,<10,0,0,c8a743f5-7842-4c0b-969d-7eb46722e95c,135
2020/07/11 08:00:00+00,272,<10,94,163,66,138,21,87,36,452,1255,308,212,3383,16,158,13,420,<10,261,500,237,78,123,15,0,0,160,185,57,542,68,779,191,190,160,156,23,46,212,75,152,246,255,59,141,<10,261,84,1006,111,538,271,263,148,108,60,70,67,48,0,17,187,540,38,67,84,33,25,<10,<10,<10,23,<10,0,0,3230ab18-58a9-4965-9807-15cbe4425645,136
2020/07/12 08:00:00+00,275,<10,95,163,66,140,22,89,37,458,1284,319,215,3446,16,163,13,428,<10,263,508,241,78,125,15,0,0,162,188,57,555,70,794,194,194,163,164,23,47,215,77,154,249,262,61,141,<10,263,87,1018,114,551,277,267,152,111,64,70,67,49,0,17,191,550,38,67,85,34,26,<10,<10,<10,24,<10,0,0,336bad5f-0da9-47b6-8c3b-6b6c32de9ef8,137
2020/07/13 08:00:00+00,291,<10,95,163,66,142,23,91,37,464,1302,327,219,3487,18,169,13,432,<10,267,512,244,79,127,15,0,0,164,191,58,560,70,807,196,197,168,167,23,47,219,80,156,251,264,63,142,<10,267,90,1031,117,555,280,272,155,112,65,70,69,49,0,17,193,556,41,70,91,35,27,<10,<10,<10,27,<10,0,0,ec24ef21-0366-4df4-8f4a-be1e720c8456,138
2020/07/14 08:00:00+00,295,<10,95,166,66,145,24,94,37,469,1329,342,221,3583,19,174,13,447,<10,268,524,251,79,130,15,0,0,165,194,58,571,71,821,199,204,176,174,23,48,221,83,159,257,270,70,148,<10,268,92,1052,118,580,289,277,163,115,66,72,73,51,0,18,195,569,42,71,91,35,28,<10,<10,<10,28,<10,0,0,55bc6911-47e5-46f9-ac8f-a1b910a62355,139
2020/07/15 08:00:00+00,299,<10,96,168,66,147,24,97,38,471,1342,349,221,3617,19,177,13,451,<10,269,529,256,81,132,15,0,0,165,195,58,575,71,828,203,208,181,176,24,49,221,84,162,258,275,70,151,<10,269,94,1059,118,585,296,278,165,117,67,73,74,52,0,18,197,574,43,71,94,35,28,<10,<10,<10,28,<10,0,0,bbb3d7dd-8199-463e-b487-f8a8f29bfc68,140
2020/07/16 08:00:00+00,302,<10,96,172,67,148,25,99,39,475,1347,350,223,3700,20,177,13,455,<10,274,536,261,81,133,15,0,0,167,195,59,579,71,832,203,213,181,177,24,50,223,84,165,261,276,71,154,<10,274,94,1085,121,600,299,282,166,121,70,74,76,54,0,18,203,589,43,71,97,35,29,<10,<10,<10,28,<10,0,0,5ed9f41c-e00c-4f10-8a92-3fd6040ae4ba,141
2020/07/17 08:00:00+00,314,<10,97,195,98,150,26,99,41,494,1368,364,226,3806,21,179,14,469,<10,276,548,263,81,135,15,0,0,179,200,60,591,74,841,205,215,188,184,24,51,226,87,196,266,288,73,156,<10,276,94,1114,125,623,305,290,168,123,72,76,78,54,0,18,207,614,46,75,100,35,31,<10,<10,<10,28,<10,0,0,acd9aa00-6c28-4913-95db-17a4c39fb731,142
2020/07/18 08:00:00+00,316,<10,100,196,98,153,27,105,41,505,1386,373,228,3853,23,189,14,476,<10,282,559,271,83,137,16,0,0,184,204,62,603,77,851,206,223,191,190,24,51,228,95,202,267,296,74,158,<10,282,96,1125,130,633,310,294,172,124,72,78,80,54,0,19,207,618,47,75,100,35,32,<10,<10,<10,29,<10,0,0,dab84fac-968d-4e76-906d-87a50a331708,143
2020/07/19 08:00:00+00,325,<10,104,198,98,154,28,107,42,523,1415,388,232,3945,23,197,16,492,<10,292,571,277,84,138,16,0,0,193,211,64,615,79,873,208,227,202,195,25,51,232,103,204,271,306,78,161,<10,292,97,1140,137,660,317,299,178,128,73,81,80,56,0,20,211,629,47,78,101,36,33,<10,<10,<10,31,<10,0,0,1f7f7426-61cd-4a9d-a653-1c48cbf64d0b,144
2020/07/20 08:00:00+00,332,<10,107,199,98,159,28,111,46,544,1448,407,238,4060,23,207,16,505,<10,302,581,281,84,143,16,0,0,197,221,70,624,82,889,216,231,211,205,25,52,238,111,208,276,313,82,165,<10,302,99,1170,142,678,325,306,181,138,77,85,82,59,0,21,218,646,48,79,104,36,33,<10,<10,<10,33,<10,0,0,fe7a2e14-9098-476d-92b7-c8a4bf68f670,145
2020/07/21 08:00:00+00,338,<10,107,202,98,165,28,111,46,563,1473,416,242,4131,23,212,16,517,<10,310,593,287,86,147,18,0,0,201,231,72,633,85,905,220,233,214,211,28,55,242,113,208,279,323,86,168,<10,310,102,1186,145,691,330,312,187,140,78,88,84,60,0,21,221,656,49,81,105,37,33,<10,10,<10,33,<10,0,0,edf114a2-0e6c-474b-aa98-dfb2bad923a9,146
2020/07/22 08:00:00+00,344,11,108,224,112,167,29,111,48,578,1496,433,243,4218,23,215,16,530,<10,318,602,292,89,149,18,0,0,206,238,74,646,86,918,224,235,224,218,29,56,243,116,222,285,330,90,170,<10,318,102,1212,152,708,334,318,192,143,82,89,85,60,0,21,223,669,51,82,106,37,34,<10,11,<10,33,<10,0,0,70ddd530-1dc7-492e-83fc-23c2883d3c07,147
2020/07/23 08:00:00+00,348,11,108,229,119,167,29,115,50,591,1507,437,246,4274,23,216,16,537,<10,322,619,293,89,149,18,0,0,211,242,77,654,86,926,225,236,226,220,29,57,246,117,233,291,335,90,177,<10,322,102,1224,153,721,342,321,194,145,84,89,86,60,0,21,225,681,51,85,106,37,34,<10,11,10,33,<10,0,0,75cc601e-56ab-4f7a-9c38-13ebdba29cfc,148
2020/07/24 08:00:00+00,363,11,108,238,125,168,29,116,50,600,1529,441,249,4388,23,220,16,545,<10,325,629,298,89,150,18,0,0,215,247,77,664,87,939,226,239,229,221,30,57,249,119,240,295,339,91,184,<10,325,104,1257,156,742,353,327,201,146,86,90,89,61,0,21,229,702,58,87,107,37,34,<10,11,12,36,<10,0,0,63ab353e-f047-4840-b7b2-7f29fc447ad2,149
2020/07/25 08:00:00+00,364,11,108,239,125,169,29,120,50,608,1550,449,253,4432,23,222,17,554,<10,327,642,300,89,151,18,0,0,218,247,80,677,87,943,235,241,230,228,31,59,253,120,244,298,342,94,192,<10,327,105,1275,158,750,358,330,201,146,86,91,89,61,0,21,229,709,58,87,108,37,34,<10,11,12,36,<10,0,0,243296bb-2cbb-481c-9adf-2b7357939547,150
2020/07/26 08:00:00+00,364,11,108,240,125,169,29,121,50,624,1553,459,255,4458,23,224,17,556,<10,329,643,301,89,151,18,0,0,220,260,81,678,87,944,236,241,231,237,32,59,255,122,245,298,344,94,193,<10,329,105,1279,158,753,361,333,203,148,86,91,90,61,0,21,229,717,58,87,108,37,34,<10,11,12,36,<10,0,0,31a41b2c-48d0-4add-b607-3777741c1c62,151
2020/07/27 08:00:00+00,378,11,108,266,128,172,30,127,50,640,1580,465,261,4556,23,225,17,575,<10,336,658,307,92,154,18,0,0,225,269,82,696,89,957,240,246,231,243,33,60,261,122,254,306,355,97,198,<10,336,106,1303,162,772,372,341,203,156,86,93,94,61,0,21,234,730,60,89,113,37,35,<10,13,13,37,<10,0,0,0ef2c068-2786-4996-9d58-ee1cba77b37c,152
2020/07/28 08:00:00+00,383,12,109,277,128,173,31,127,50,647,1595,470,264,4634,23,226,18,578,<10,342,665,311,95,155,18,0,0,226,273,83,705,89,965,243,249,232,247,34,61,264,122,254,307,361,99,198,<10,342,107,1327,167,781,378,350,205,158,91,95,94,63,0,21,235,741,60,92,114,37,36,<10,13,13,38,<10,0,0,b51962b4-b1ca-49a1-8261-d9f6774a0883,153
2020/07/29 08:00:00+00,385,12,109,279,128,174,32,128,50,651,1616,485,265,4686,23,227,18,586,<10,347,670,317,97,155,19,0,0,229,274,83,714,89,976,247,253,232,262,36,61,265,122,255,311,365,100,201,<10,347,108,1334,168,792,383,357,205,159,92,95,99,64,0,22,239,749,60,92,115,37,37,<10,13,13,38,<10,0,0,f17c118c-4328-4055-b67e-445b6be4c41a,154
2020/07/30 08:00:00+00,396,13,109,282,128,175,32,132,51,657,1641,500,268,4777,23,230,18,592,<10,347,677,322,98,156,19,0,0,229,277,84,721,92,992,250,256,238,271,37,63,268,125,259,312,371,102,203,<10,347,108,1360,173,810,388,369,211,163,92,97,101,66,0,22,240,758,63,94,118,38,38,<10,13,13,39,<10,0,0,efdaf30b-a4c6-4a43-b218-192c548e1b96,155
2020/07/31 08:00:00+00,400,13,110,283,129,177,32,134,51,666,1682,515,271,4856,23,233,18,606,<10,349,688,327,98,158,19,0,0,232,283,84,744,92,1011,255,257,244,280,38,63,271,127,262,322,379,103,206,<10,349,109,1382,176,822,395,378,212,163,95,99,105,68,0,22,243,769,63,94,120,38,38,<10,13,13,39,<10,0,0,389de0bd-d008-4b45-accf-fd41bb8a57db,156
2020/08/01 08:00:00+00,403,13,110,284,129,177,32,136,52,669,1703,522,273,4949,23,236,19,611,<10,351,698,333,99,158,19,0,0,235,283,84,756,92,1023,257,260,248,284,40,63,273,128,264,324,384,105,209,<10,351,111,1405,180,838,405,388,215,164,98,99,106,69,0,22,245,789,65,94,120,38,38,10,13,13,39,<10,0,0,80d40686-1839-440e-b5b5-afd9633892dd,157
2020/08/02 08:00:00+00,405,14,110,285,129,180,32,139,52,672,1714,522,277,4980,23,241,19,614,<10,355,700,335,101,161,19,0,0,235,284,86,761,92,1030,259,260,248,284,41,63,277,131,267,327,385,105,210,<10,355,113,1412,182,842,407,393,216,164,98,99,110,69,0,22,245,795,66,95,120,38,38,10,13,13,39,<10,0,0,8e780beb-5655-4fb6-b281-a37539e3119a,158
2020/08/03 08:00:00+00,408,14,110,287,129,185,32,140,52,684,1724,524,280,5024,23,243,19,618,<10,357,703,335,101,165,20,0,0,242,286,87,765,92,1036,260,260,248,286,41,65,280,132,268,331,386,105,211,<10,357,114,1430,182,843,411,396,218,165,101,99,111,72,0,22,246,802,66,95,120,39,38,11,14,13,39,<10,0,0,1a0edec0-3690-4f35-9b3f-e390c60a7ba8,159
2020/08/04 08:00:00+00,409,14,111,290,129,187,33,142,52,720,1763,528,296,5063,23,243,19,627,<10,366,715,339,101,167,20,0,0,247,304,93,776,96,1058,265,262,249,289,43,72,296,132,270,336,393,106,216,<10,366,114,1438,183,853,413,399,222,166,102,100,112,72,0,22,248,807,66,95,120,40,39,11,14,13,39,<10,0,0,1c497e15-5d97-4ebf-8565-120fa5fe07b0,160
2020/08/05 08:00:00+00,417,14,113,291,130,192,36,144,53,778,1804,552,316,5154,24,246,19,638,<10,390,735,345,104,170,22,0,0,275,318,100,796,98,1078,275,267,258,304,43,81,316,135,273,342,404,108,221,<10,390,114,1453,184,870,418,405,227,168,108,105,118,72,0,24,255,823,68,98,121,40,42,11,14,13,41,<10,0,0,a1730284-6029-4b37-8cea-d0c523e780a7,161
2020/08/06 08:00:00+00,421,14,114,293,132,201,37,152,53,802,1836,567,328,5317,25,257,19,660,<10,404,755,354,110,179,22,0,0,284,328,102,822,102,1093,281,272,262,315,45,84,328,141,283,354,415,111,226,<10,404,119,1492,191,908,433,420,234,168,113,113,122,75,0,25,256,844,68,99,122,40,43,11,14,13,43,<10,0,0,5e0be288-10e5-4e7d-ae2c-088b928fc2fa,162
2020/08/07 08:00:00+00,432,14,115,293,132,211,37,157,53,832,1876,580,334,5419,25,260,19,684,<10,418,781,363,111,184,27,0,0,297,340,106,847,104,1113,288,277,270,320,47,85,334,144,288,369,430,113,233,<10,418,119,1513,196,930,442,430,235,173,115,115,128,75,0,25,261,858,70,106,122,40,43,11,14,14,44,<10,0,0,131986e3-6fee-47d4-a96b-0b4388002f5c,163
2020/08/08 08:00:00+00,433,16,115,294,132,217,37,160,55,853,1905,596,338,5583,26,265,19,700,<10,425,797,370,111,190,27,0,0,306,347,107,865,104,1127,292,282,277,329,47,89,338,147,291,377,444,115,236,<10,425,121,1553,201,957,458,444,240,176,119,116,129,75,0,25,271,899,70,106,122,40,43,11,14,14,45,<10,0,0,575f0a39-73bd-4001-864e-564d9201cb64,164
2020/08/09 08:00:00+00,442,19,115,295,133,227,38,163,57,880,1963,606,349,5725,26,272,19,715,<10,435,813,375,111,197,30,0,0,316,359,109,892,107,1160,297,286,279,337,47,92,349,151,295,383,453,118,240,<10,435,124,1593,206,981,473,459,243,181,122,118,136,78,0,25,273,919,70,107,125,41,44,11,14,15,48,<10,0,0,38a96504-627e-4a3b-a32e-3d133bec6bec,165
2020/08/10 08:00:00+00,445,20,115,297,133,232,39,167,57,904,1994,619,358,5823,26,276,27,725,<10,443,827,378,112,201,31,0,0,322,369,113,906,111,1170,305,288,292,345,48,96,358,152,299,388,464,119,242,<10,443,127,1617,215,992,482,469,246,182,125,120,140,82,0,25,279,930,71,108,125,41,45,12,14,15,48,<10,0,0,8799419d-f296-44af-acdd-5a7e2107fd82,166
2020/08/11 08:00:00+00,447,21,115,298,133,237,40,169,57,914,2038,621,368,5895,26,276,27,744,<10,455,842,384,113,206,31,0,0,324,375,114,922,111,1197,313,291,292,347,49,97,368,152,301,405,473,119,246,<10,455,127,1634,217,1002,489,472,250,188,127,120,144,83,0,26,283,939,71,108,125,41,46,12,15,15,49,<10,0,0,a404ec7b-8589-422b-8acb-a651c82fc164,167
2020/08/12 08:00:00+00,453,25,116,300,136,244,40,173,57,936,2086,635,375,6009,27,288,27,766,<10,465,874,394,114,212,32,0,0,332,383,117,942,113,1225,327,297,298,355,51,100,375,161,308,417,488,122,257,<10,465,130,1658,220,1022,497,483,258,188,131,122,148,84,0,26,286,966,72,110,126,41,46,12,15,16,50,<10,0,0,fafd9e44-4f99-4d10-9ad9-8dddadfe9c4e,168
2020/08/13 08:00:00+00,459,26,119,302,136,251,40,175,61,966,2153,657,391,6200,28,291,28,788,<10,481,895,398,114,218,33,0,0,343,395,118,981,113,1256,339,301,306,370,51,106,391,162,310,434,493,123,262,<10,481,132,1704,231,1053,508,500,272,197,136,124,155,89,0,26,292,998,74,112,126,41,46,12,16,16,51,<10,0,0,af450212-73bb-4767-a530-75e5e12d35e3,169
2020/08/14 08:00:00+00,461,31,121,305,136,257,41,176,61,993,2193,665,399,6308,28,299,28,808,<10,487,915,404,120,223,34,0,0,353,406,121,1006,114,1277,347,306,308,376,51,109,399,166,311,446,504,128,266,<10,487,136,1735,231,1067,519,514,277,199,140,125,156,92,0,26,296,1016,75,112,126,42,47,12,16,16,51,<10,0,0,e941f901-6288-45d2-b32f-b1e0f3b873d6,170
2020/08/15 08:00:00+00,472,32,122,305,136,263,41,178,61,1007,2216,670,401,6375,28,303,28,822,<10,491,928,406,122,228,35,0,0,360,408,121,1024,114,1292,349,307,309,380,52,114,401,169,313,456,507,131,267,<10,491,137,1749,242,1072,521,521,286,199,142,126,156,94,0,26,297,1029,78,112,128,42,47,12,18,17,53,<10,0,0,817e8278-0f5a-41f9-9749-718d9104e73e,171
2020/08/16 08:00:00+00,477,32,122,305,136,266,41,179,62,1011,2235,680,404,6438,28,308,28,829,<10,498,938,413,124,231,35,0,0,362,409,122,1036,116,1299,354,310,310,389,52,114,404,170,314,460,514,133,270,<10,498,141,1762,245,1081,528,526,288,203,143,127,160,94,0,26,303,1038,79,112,129,44,47,12,18,17,54,<10,0,0,b351688a-50a8-49c8-a836-5f71b385d694,172
2020/08/17 08:00:00+00,479,33,123,305,154,271,41,183,62,1043,2257,683,417,6522,28,311,29,843,<10,510,950,419,124,236,35,0,0,379,418,125,1043,116,1316,356,313,313,390,52,117,417,170,336,465,522,140,275,<10,510,144,1791,246,1090,532,545,290,204,145,127,160,94,0,26,305,1053,80,112,129,44,47,12,18,17,55,<10,0,0,57ccc659-da41-4509-9fef-51b9afbce4d3,173
2020/08/18 08:00:00+00,484,34,124,305,157,274,42,187,62,1062,2280,691,421,6615,28,314,30,854,<10,517,958,421,125,238,36,0,0,389,424,125,1048,116,1334,359,314,315,397,52,120,421,172,343,472,530,140,278,<10,517,145,1804,258,1105,539,551,293,205,147,127,161,97,0,26,310,1078,81,114,130,44,48,12,18,17,56,<10,0,0,273753d3-6402-4420-a3f2-0b57e83cb7a3,174
2020/08/19 08:00:00+00,486,34,124,305,157,282,42,191,65,1081,2318,702,424,6695,28,324,31,874,<10,527,977,423,125,246,36,0,0,396,429,130,1067,121,1355,363,315,320,403,52,122,424,176,347,487,541,140,282,<10,527,151,1830,264,1113,543,555,296,211,149,127,163,98,0,26,317,1092,81,114,132,44,48,12,18,17,56,<10,0,0,461e8b8c-c4b4-4950-8636-5302cd56e998,175
2020/08/20 08:00:00+00,496,36,127,305,157,295,42,197,65,1094,2335,720,427,6841,28,327,31,886,<10,535,987,430,125,258,37,0,0,404,432,131,1074,121,1367,366,319,330,411,52,123,427,177,353,496,546,142,286,<10,535,153,1853,272,1127,551,569,303,213,190,127,166,99,0,26,318,1116,82,114,132,44,48,13,20,17,62,<10,0,0,10606238-23c2-4fdb-854d-7716bca1107b,176
2020/08/21 08:00:00+00,501,36,129,305,157,305,43,198,65,1123,2358,722,435,6925,28,329,32,902,<10,542,1005,432,125,268,37,0,0,408,455,131,1088,123,1382,366,320,331,412,52,125,435,180,354,507,552,144,294,<10,542,153,1874,276,1140,562,574,310,214,194,127,167,100,0,27,319,1130,83,114,132,44,49,13,20,18,65,<10,0,0,7022508e-f98f-4057-9ecf-a7cf08d20073,177
2020/08/22 08:00:00+00,507,39,131,306,157,309,46,206,66,1143,2417,734,441,7052,31,331,33,921,<10,561,1031,446,128,271,38,0,0,417,459,136,1118,125,1409,381,325,341,415,58,127,441,181,362,515,568,149,301,<10,561,154,1891,278,1173,578,583,313,219,197,134,172,101,0,27,325,1154,83,115,133,45,52,14,20,18,67,<10,0,0,ecd0f980-50c7-42af-badc-96517300fc3b,178
2020/08/23 08:00:00+00,511,39,131,306,157,313,47,210,66,1152,2439,746,443,7081,31,339,33,929,<10,566,1043,447,128,274,39,0,0,417,465,137,1126,127,1426,384,326,345,423,58,129,443,185,366,519,574,150,302,<10,566,158,1896,281,1174,583,586,313,220,197,136,174,102,0,27,326,1159,83,117,134,45,53,14,20,18,67,<10,0,0,126147ff-936f-464c-adfa-5392087248b3,179
2020/08/24 08:00:00+00,515,39,131,308,162,314,47,210,67,1162,2459,750,444,7138,31,342,33,940,<10,577,1056,458,128,274,40,0,0,420,470,139,1138,129,1438,385,334,345,427,59,129,444,185,371,522,581,155,306,<10,577,161,1910,285,1180,598,588,317,223,199,137,175,103,0,27,327,1163,85,118,135,45,53,14,20,18,67,<10,0,0,7c0be815-4476-473c-b03a-1fedc74784fb,180
2020/08/25 08:00:00+00,518,39,131,308,164,320,47,212,68,1176,2470,752,448,7200,31,346,33,947,<10,584,1065,462,128,279,41,0,0,422,473,141,1148,130,1445,385,338,345,429,59,136,448,188,375,528,583,155,307,<10,584,162,1921,286,1185,603,598,318,224,202,137,176,103,0,27,329,1186,85,118,136,45,53,14,20,20,67,<10,0,0,0a75cd09-513e-4576-898c-ec30d8435e7e,181
2020/08/26 08:00:00+00,522,39,133,309,164,323,47,213,69,1187,2504,759,459,7290,31,355,33,954,<10,592,1075,465,130,282,41,0,0,424,477,145,1162,131,1469,387,340,348,433,59,137,459,195,376,531,586,159,310,<10,592,164,1939,287,1207,615,604,323,225,204,142,176,103,0,27,330,1204,85,118,139,45,53,14,20,21,67,<10,0,0,e5000ffb-29de-418d-b402-1d1105ae58a2,182
2020/08/27 08:00:00+00,528,41,138,309,164,329,48,215,69,1192,2535,764,462,7347,31,364,33,970,<10,604,1098,466,132,286,43,0,0,425,480,146,1182,132,1490,391,341,350,436,59,137,462,201,378,537,594,166,315,<10,604,167,1959,288,1216,619,611,323,225,205,143,178,103,0,27,333,1213,86,122,139,46,54,14,20,21,67,<10,0,0,6cadd998-4099-46b3-a5e9-6a7fd76b909c,183
2020/08/28 08:00:00+00,536,41,139,309,166,334,48,216,70,1210,2573,768,467,7406,31,367,33,996,<10,613,1122,469,132,290,44,0,0,435,483,149,1194,134,1521,393,342,352,438,61,139,467,203,381,557,598,168,330,<10,613,168,1972,290,1224,624,618,323,228,205,145,180,105,0,27,338,1224,87,127,140,46,54,14,20,21,68,<10,0,0,9179e0ab-0c8d-49b2-a2c5-aaafcacd3a32,184
2020/08/29 08:00:00+00,539,41,150,310,168,336,49,217,70,1218,2599,772,476,7453,31,374,33,1006,<10,628,1136,473,132,292,44,0,0,441,485,149,1206,134,1540,396,347,355,439,61,139,476,207,384,561,606,170,331,<10,628,171,1982,292,1230,631,623,328,230,206,146,180,106,0,28,338,1230,89,127,140,47,55,14,20,21,68,<10,0,0,656ed394-3b1e-41ed-8150-e2f213ab13cb,185
2020/08/30 08:00:00+00,550,41,151,311,168,341,49,219,70,1231,2625,777,484,7502,31,378,34,1020,<10,637,1171,476,133,295,46,0,0,448,489,149,1242,134,1554,402,351,358,441,61,141,484,210,386,573,609,171,334,<10,637,173,2005,295,1235,633,625,328,230,207,148,181,106,0,28,340,1238,91,128,143,48,55,14,20,21,72,<10,0,0,3f289708-c653-4d04-a131-494ef8ae8ce7,186
2020/08/31 08:00:00+00,554,41,151,311,171,344,49,220,72,1243,2638,783,488,7534,31,378,34,1027,<10,652,1177,476,133,296,48,0,0,455,491,152,1250,134,1563,403,351,361,444,61,141,488,210,390,578,610,173,334,<10,652,173,2011,297,1240,636,628,330,232,208,149,181,106,0,28,342,1245,92,130,143,49,55,14,20,21,72,<10,0,0,b6153d42-794f-4f8e-9e1b-cda25881d104,187
2020/09/01 08:00:00+00,556,41,154,312,171,349,49,227,72,1269,2657,786,493,7572,31,381,34,1034,<10,667,1181,480,133,300,49,0,0,471,497,153,1252,134,1579,405,354,363,445,62,144,493,210,397,580,615,175,335,<10,667,176,2018,302,1250,638,628,333,232,209,150,182,106,0,28,343,1252,92,130,143,49,55,14,20,22,73,<10,0,0,816c45e2-3c77-4891-ab40-92c27424740f,188
2020/09/02 08:00:00+00,565,42,154,312,171,352,49,231,74,1286,2682,793,495,7619,31,389,34,1046,<10,676,1193,482,134,303,49,0,0,473,508,153,1265,135,1594,407,356,366,449,63,148,495,216,401,590,618,175,340,<10,676,178,2026,305,1255,644,632,334,235,211,152,183,108,0,31,343,1261,93,131,145,49,55,14,20,23,73,<10,0,0,106c5a20-519f-41d2-a2a7-45aa69fcec75,189
2020/09/03 08:00:00+00,569,42,155,312,172,354,50,231,75,1299,2702,797,498,7664,31,394,35,1050,<10,681,1207,483,136,305,49,0,0,480,511,156,1276,135,1609,409,356,368,451,64,148,498,220,402,593,626,175,342,<10,681,179,2030,306,1262,650,639,335,236,213,154,184,112,0,32,345,1268,93,131,149,49,56,14,20,23,73,<10,0,0,3aa97e11-0167-41bf-bab1-51e73715e9cf,190
2020/09/04 08:00:00+00,575,42,156,312,177,356,51,240,75,1311,2733,807,507,7715,31,394,35,1057,<10,692,1216,485,139,307,49,0,0,483,518,156,1289,136,1630,414,357,374,455,64,150,507,220,416,598,630,175,344,<10,692,179,2041,306,1270,659,643,336,238,215,156,185,112,0,32,346,1277,94,131,152,49,57,15,20,23,74,<10,0,0,1c0c20b8-9560-4392-8886-f4216e16c8ef,191
2020/09/05 08:00:00+00,580,43,156,312,177,364,53,241,75,1317,2760,816,515,7763,31,398,35,1068,<10,698,1222,489,139,313,51,0,0,485,520,157,1298,136,1649,417,358,377,461,64,151,515,223,417,603,639,177,344,<10,698,180,2051,308,1279,661,652,337,239,218,158,186,113,0,32,348,1282,95,132,152,49,59,16,20,24,75,<10,0,0,cdd3cb44-df9a-4122-8d2c-5b5bdb89dbf9,192
2020/09/06 08:00:00+00,584,43,157,312,177,366,53,242,75,1320,2767,817,517,7791,32,400,35,1072,<10,700,1227,491,140,315,51,0,0,485,520,158,1302,136,1655,417,358,378,461,66,153,517,224,418,605,641,178,346,<10,700,181,2056,310,1288,664,655,340,239,218,159,186,114,0,33,348,1283,96,133,152,50,59,16,20,24,76,<10,0,0,449227b5-a17e-4733-acd3-5fb8195a6fc3,193
2020/09/07 08:00:00+00,591,43,157,312,177,371,54,243,75,1325,2778,822,522,7805,32,402,35,1077,11,705,1229,495,142,319,52,0,0,487,522,159,1307,137,1660,419,362,379,465,66,153,522,224,419,607,643,180,347,11,705,183,2057,310,1292,668,656,341,239,218,159,187,114,0,33,350,1283,97,133,155,50,60,17,20,25,76,10,0,0,3dab1ae2-8173-4a51-b115-44b87429742a,194
2020/09/08 08:00:00+00,593,44,158,313,177,373,54,243,75,1331,2784,823,523,7831,32,403,35,1079,11,709,1234,496,142,321,52,0,0,489,524,161,1310,137,1663,421,363,379,466,66,153,523,225,419,608,645,180,349,11,709,183,2069,312,1295,668,657,342,239,219,159,187,116,0,33,350,1287,97,133,157,50,60,17,20,25,76,10,0,0,47c78aca-8914-4d1d-9445-3fc38b74aaad,195
2020/09/09 08:00:00+00,609,44,158,313,177,377,54,248,79,1338,2800,826,525,7862,32,407,35,1081,11,716,1242,499,144,325,52,0,0,493,526,162,1316,137,1674,423,365,381,467,68,153,525,229,424,610,646,180,354,11,716,183,2076,314,1302,669,657,343,246,220,159,187,116,0,33,353,1293,97,133,167,52,60,17,20,27,78,10,0,0,15ad88fc-801d-453a-8837-5707eda4f3d8,196
2020/09/10 08:00:00+00,627,46,159,313,177,379,54,252,79,1347,2823,837,529,7903,32,411,35,1087,11,718,1253,502,147,327,52,0,0,495,532,163,1324,137,1691,425,367,383,476,68,153,529,232,428,613,651,181,362,11,718,184,2086,319,1306,672,662,346,246,223,160,187,117,0,33,354,1298,99,139,176,52,60,17,20,28,78,10,0,0,7126109e-9c55-407e-a023-caa9bd958c23,197
2020/09/11 08:00:00+00,632,47,159,313,177,382,54,255,79,1350,2838,839,529,7942,32,415,35,1089,11,723,1257,504,147,330,52,0,0,497,533,163,1327,138,1700,428,369,383,478,68,153,529,236,431,615,652,181,364,11,723,184,2090,322,1311,673,664,347,248,230,161,187,117,0,33,357,1308,100,139,180,52,60,17,20,28,78,10,0,0,cf7b6119-eb09-4f55-b79b-c529064e041e,198
2020/09/12 08:00:00+00,633,47,159,313,177,383,54,258,79,1358,2857,842,530,7961,32,417,35,1090,11,725,1264,505,149,331,52,0,0,500,536,164,1335,140,1706,433,370,384,480,68,154,530,237,434,616,654,181,369,11,725,185,2097,322,1314,674,666,349,248,231,162,187,117,0,33,358,1309,100,140,180,52,60,17,20,28,78,10,0,0,ef74ca9b-403b-473e-93a8-7dc4e215f980,199
2020/09/13 08:00:00+00,640,49,159,313,177,385,54,258,79,1363,2871,844,533,7972,32,420,35,1093,11,728,1266,506,149,333,52,0,0,501,539,165,1337,140,1716,436,370,384,482,68,154,533,239,434,617,656,182,370,11,728,186,2099,322,1314,675,670,350,249,232,163,187,117,0,33,358,1309,101,141,182,53,60,17,21,28,79,10,0,0,77290fe3-276e-4117-925b-8a1e963cdffe,200
2020/09/14 08:00:00+00,644,49,159,314,177,386,54,258,79,1366,2882,845,535,7989,32,422,35,1097,12,731,1273,507,150,333,53,0,0,502,541,165,1340,140,1718,443,371,384,483,68,154,535,240,434,617,667,182,370,12,731,187,2104,323,1318,676,670,350,252,234,163,188,117,0,33,358,1309,103,141,183,54,60,17,21,28,79,10,0,0,eab06233-0bae-41d4-9556-42851ede2a7d,201
2020/09/15 08:00:00+00,650,50,159,314,177,390,55,259,83,1368,2901,848,539,8018,32,424,36,1098,12,733,1276,508,150,337,53,0,0,502,543,165,1348,141,1728,445,371,385,485,69,154,539,242,435,618,667,182,371,12,733,187,2110,325,1320,682,672,351,257,236,164,189,117,0,33,359,1314,104,141,186,54,61,17,22,28,79,10,0,0,a9b4ae72-a8dc-46ec-a786-2ad71e7709da,202
2020/09/16 08:00:00+00,652,56,159,316,180,391,56,263,83,1370,2936,854,539,8053,32,427,36,1102,12,736,1286,512,151,338,53,0,0,503,543,166,1357,141,1743,461,374,386,490,70,154,539,244,442,619,670,182,376,12,736,188,2118,327,1323,689,674,352,257,237,165,190,117,0,33,360,1322,104,141,188,54,62,17,22,28,79,10,0,0,475c6322-2ca7-425c-b1b2-98901a7efaf5,203
2020/09/17 08:00:00+00,656,56,159,316,180,394,56,265,83,1380,2957,858,541,8089,32,429,38,1107,12,739,1290,518,151,340,54,0,0,506,545,169,1365,141,1754,465,377,386,495,71,156,541,245,444,624,672,182,378,12,739,190,2129,328,1330,693,677,353,257,238,165,190,118,0,33,361,1328,104,141,190,55,62,17,22,28,80,10,0,0,060cb961-4dfe-4012-9528-c49cdde03a9a,204
2020/09/18 08:00:00+00,662,58,159,318,181,400,56,268,83,1389,2966,861,542,8123,32,431,38,1112,12,744,1301,525,151,344,56,0,0,510,546,172,1371,142,1762,465,384,387,497,71,157,542,245,448,626,673,184,383,12,744,192,2134,329,1334,697,679,353,257,238,167,191,119,0,33,364,1339,106,141,193,55,62,18,22,28,80,10,0,0,1bd6ad62-66d6-4693-8fe0-825eb043fc6b,205
2020/09/19 08:00:00+00,668,58,159,318,181,404,56,271,85,1396,2980,864,549,8161,32,434,38,1116,12,748,1303,531,152,348,56,0,0,515,547,173,1377,142,1768,468,388,389,498,71,157,549,247,451,626,678,186,384,12,748,193,2146,330,1338,698,683,355,259,239,167,191,121,0,33,367,1347,107,143,195,55,62,18,22,28,81,10,0,0,e7584d63-7acb-493a-a0b1-90d27c9191d0,206
2020/09/20 08:00:00+00,671,58,159,318,191,405,57,273,85,1403,2995,868,552,8195,33,435,38,1120,12,749,1307,534,153,349,56,0,0,518,551,173,1384,142,1776,471,390,391,500,71,157,552,248,463,628,682,186,385,12,749,193,2150,330,1349,703,686,358,260,239,169,192,121,0,33,367,1352,108,143,197,55,63,18,22,28,81,10,0,0,ae6ef5c0-334a-4ebd-b7e3-520cf17bc8aa,207
2020/09/21 08:00:00+00,674,58,159,320,193,405,58,275,85,1405,3003,870,554,8216,33,436,38,1125,12,751,1311,535,153,349,56,0,0,519,552,173,1387,142,1783,472,391,391,502,71,157,554,249,467,631,684,187,385,12,751,193,2154,334,1353,704,688,359,261,239,169,193,122,0,33,367,1354,109,144,198,55,64,18,22,28,81,10,0,0,a7207725-0df0-4047-b32b-6bbe3df4e071,208
2020/09/22 08:00:00+00,678,58,160,321,193,407,58,275,85,1407,3018,878,554,8246,33,439,38,1130,12,756,1320,538,154,351,56,0,0,521,552,173,1397,142,1789,477,392,394,507,71,157,554,249,467,631,690,189,388,12,756,196,2163,337,1354,707,691,360,261,241,170,194,122,0,33,369,1358,109,145,200,55,64,19,22,28,81,10,0,0,48c2f8fd-7005-421f-a4bd-9c12fc58669c,209
2020/09/23 08:00:00+00,684,58,160,323,193,408,58,278,85,1408,3033,884,558,8297,33,440,38,1146,12,761,1330,541,155,352,56,0,0,522,552,173,1406,143,1791,483,395,397,510,71,157,558,249,470,640,698,194,390,12,761,197,2175,341,1362,710,698,361,262,242,171,194,122,0,33,372,1368,110,146,203,55,64,19,22,28,82,10,0,0,bde76333-1676-4e76-a9e3-4878828863c2,210
2020/09/24 08:00:00+00,684,58,160,323,193,409,58,279,85,1414,3047,885,559,8330,34,440,38,1152,12,761,1333,546,155,353,56,0,0,526,554,173,1410,144,1798,485,398,398,510,72,157,559,249,471,643,701,196,392,12,761,197,2180,341,1367,715,701,362,262,243,172,194,122,0,33,372,1381,110,146,203,55,64,19,22,28,82,10,0,0,43fc9579-f07d-4b57-8554-e2d587f26b57,211
2020/09/25 08:00:00+00,687,58,160,324,193,412,58,282,86,1418,3063,892,560,8380,35,446,38,1157,12,763,1335,547,156,356,56,0,0,529,555,173,1415,146,1805,489,398,399,516,72,157,560,253,474,646,704,197,392,12,763,199,2188,343,1375,723,704,365,267,245,173,197,122,0,33,372,1390,110,146,203,57,64,19,22,28,83,10,0,0,9fb0cabb-cad8-4234-aba0-772b895132aa,212
2020/09/26 08:00:00+00,694,58,160,324,193,416,58,283,86,1425,3081,894,562,8400,36,449,39,1168,12,768,1339,548,156,359,57,0,0,535,555,174,1422,148,1811,495,399,402,516,72,157,562,255,475,652,706,201,392,12,768,200,2194,344,1379,724,704,367,268,245,174,198,122,0,33,372,1394,110,146,207,57,64,20,22,28,85,10,0,0,9949b7b2-0b42-43d1-8424-47979a2febc3,213
2020/09/27 08:00:00+00,700,58,160,324,193,416,58,284,86,1427,3085,895,564,8407,36,450,39,1170,12,770,1340,548,156,359,57,0,0,535,556,174,1423,148,1815,495,399,402,517,72,158,564,256,476,654,706,201,392,12,770,200,2195,344,1380,724,705,367,268,245,174,198,122,0,33,372,1398,111,147,208,57,64,20,22,28,86,12,0,0,957739d5-8d8a-4797-9f91-e335cfaa4e96,214
2020/09/28 08:00:00+00,703,58,161,324,195,424,58,284,86,1437,3092,897,564,8445,36,453,39,1173,12,773,1342,548,156,367,57,0,0,542,557,175,1426,149,1817,496,399,404,517,72,159,564,258,478,656,706,202,393,12,773,201,2210,345,1386,728,707,368,268,246,174,199,123,0,33,373,1403,113,147,208,57,64,20,22,28,87,12,0,0,4f9cea14-9646-464b-ae2a-91f316f8399b,215
2020/09/29 08:00:00+00,703,59,161,324,195,424,58,284,88,1441,3100,897,566,8474,37,454,39,1175,12,775,1344,549,156,367,57,0,0,543,558,177,1428,149,1822,499,399,404,517,72,159,566,259,478,657,707,203,393,12,775,201,2220,345,1390,731,708,368,272,246,174,200,123,0,33,374,1411,113,147,208,57,64,20,22,28,87,12,0,0,a644b77f-1708-4ad1-ad45-002f9e0eefb8,216
2020/09/30 08:00:00+00,704,59,161,324,195,425,59,285,88,1442,3108,902,567,8506,37,460,39,1177,12,777,1346,549,158,368,57,0,0,543,559,177,1431,149,1828,500,399,406,520,72,159,567,264,479,659,708,203,394,12,777,202,2226,346,1394,736,710,372,273,247,174,201,123,0,33,375,1417,113,147,208,57,65,20,22,28,87,13,0,0,36605530-492b-4c5f-883b-058e9d6f19ff,217
2020/10/01 08:00:00+00,711,60,161,324,195,426,59,287,88,1451,3118,910,570,8542,37,462,39,1183,12,778,1353,552,158,369,57,0,0,546,561,177,1435,149,1836,501,402,408,526,72,163,570,266,481,661,713,205,395,12,778,202,2238,347,1397,736,711,374,274,248,174,204,125,0,33,376,1426,114,147,209,58,65,20,22,32,87,13,0,0,99feabe8-da15-4a88-b187-09db65f59fe3,218
2020/10/02 08:00:00+00,714,60,161,326,195,430,59,291,88,1455,3137,916,574,8581,37,464,39,1185,12,784,1367,558,158,373,57,0,0,548,562,178,1442,151,1847,505,403,413,527,73,163,574,266,485,662,722,206,399,12,784,204,2242,347,1412,746,711,374,275,249,175,205,125,0,33,376,1432,114,147,210,59,65,20,22,33,87,13,0,0,249f1a8b-0636-455b-87e8-1985bb3cdf3a,219
2020/10/03 08:00:00+00,716,61,161,326,195,430,59,292,88,1457,3149,918,576,8604,37,465,39,1187,12,785,1373,561,158,373,57,0,0,548,564,178,1447,152,1855,507,404,414,528,74,163,576,267,486,663,724,207,400,12,785,204,2250,352,1414,748,712,375,275,249,176,206,125,0,33,377,1433,114,147,212,59,65,20,22,33,87,13,0,0,9dd01f00-fde3-401f-aff9-4b6a95a204fb,220
2020/10/04 08:00:00+00,718,62,161,326,196,433,59,292,88,1462,3152,925,578,8612,37,466,39,1189,12,788,1382,564,160,376,57,0,0,551,565,178,1451,152,1858,507,407,419,530,74,164,578,267,487,664,726,207,406,12,788,205,2251,352,1415,750,712,376,275,249,176,206,126,0,33,377,1435,114,147,212,60,65,20,23,33,87,13,0,0,be40b808-0646-45f8-900c-72c7d41f304f,221
2020/10/05 08:00:00+00,718,63,161,326,196,434,59,292,88,1468,3161,931,580,8620,37,467,39,1193,12,791,1384,565,160,377,57,0,0,552,569,179,1455,152,1864,508,408,423,532,74,164,580,268,487,667,727,207,406,12,791,205,2253,352,1415,750,713,377,276,249,176,206,126,0,33,378,1437,114,147,212,60,65,20,23,33,87,13,0,0,aff5d776-f362-449c-a47e-1be371a4041c,222
2020/10/06 08:00:00+00,720,64,161,326,196,434,59,292,88,1471,3170,938,587,8628,37,467,39,1195,12,793,1387,567,160,377,57,0,0,553,570,179,1457,154,1870,509,409,425,537,75,165,587,268,487,668,728,207,407,12,793,205,2254,353,1417,752,713,377,276,249,176,207,127,0,33,378,1437,115,147,213,60,65,20,23,33,87,13,0,0,30d12030-386a-49d6-bf40-46480f466152,223
2020/10/07 08:00:00+00,723,64,161,326,196,435,59,294,89,1475,3191,950,589,8651,38,471,39,1202,12,797,1392,571,160,378,57,0,0,556,570,179,1465,155,1883,512,413,433,541,75,166,589,272,489,671,732,207,408,12,797,205,2257,353,1420,756,713,378,277,251,176,208,127,0,34,379,1445,115,147,215,61,65,20,23,33,87,13,0,0,e2b30e61-61c7-404f-99d6-4bbe5f0d52ed,224
2020/10/08 08:00:00+00,728,64,161,326,196,440,59,296,91,1480,3210,956,592,8672,38,473,39,1208,12,808,1395,573,161,382,58,0,0,558,571,179,1474,155,1892,515,414,437,543,75,168,592,274,491,673,737,207,410,12,808,205,2259,354,1421,758,716,378,280,253,177,208,128,0,35,380,1450,116,148,216,62,65,21,23,33,87,13,0,0,cd64cd7c-37f9-4fd6-85a7-beafc056f6a0,225
2020/10/09 08:00:00+00,729,66,161,326,196,440,59,297,91,1488,3225,957,594,8687,38,475,39,1216,12,812,1402,574,161,382,58,0,0,562,574,180,1481,156,1903,516,415,437,544,75,168,594,276,492,679,739,207,411,12,812,205,2262,354,1421,759,717,380,281,255,178,208,129,0,35,381,1452,116,148,217,62,65,21,23,33,87,13,0,0,c16d9585-0363-4016-bda5-91e982a20b2e,226
2020/10/10 08:00:00+00,731,66,161,326,196,442,60,298,92,1497,3244,961,595,8707,38,478,39,1218,12,825,1413,577,161,384,58,0,0,565,575,183,1489,156,1916,517,416,437,548,77,170,595,278,493,679,742,208,417,12,825,206,2264,354,1422,762,718,381,283,257,178,208,129,0,35,387,1455,117,149,217,62,66,21,23,33,87,13,0,0,8eb818b0-e8c2-4d28-8a6b-1415dea0f5d8,227
2020/10/11 08:00:00+00,731,66,161,326,196,444,61,299,94,1500,3257,967,595,8726,38,479,39,1224,12,826,1418,580,161,386,58,0,0,565,577,183,1495,157,1925,518,417,443,548,79,171,595,279,494,683,742,210,418,12,826,206,2265,354,1425,762,721,382,285,257,179,208,129,0,35,389,1463,117,149,217,62,67,21,23,33,87,13,0,0,1c03ac1e-09ad-44b0-b20c-278d34929626,228
2020/10/12 08:00:00+00,731,73,161,326,196,444,61,303,94,1504,3267,968,598,8731,38,479,39,1227,12,828,1421,583,161,386,58,0,0,566,580,183,1500,157,1933,518,420,444,548,79,171,598,279,498,685,742,211,418,12,828,206,2265,355,1426,764,721,382,285,257,179,209,129,0,35,389,1463,117,149,217,62,67,21,23,33,87,13,0,0,e0415031-6b74-42f5-8842-c60e5d363a46,229
2020/10/13 08:00:00+00,732,73,161,326,196,444,61,307,95,1511,3271,970,599,8741,38,480,39,1230,12,830,1422,583,161,386,58,0,0,570,583,183,1502,157,1934,520,420,445,549,79,171,599,279,502,687,742,212,418,12,830,207,2268,357,1427,764,721,384,286,257,179,210,129,0,35,389,1464,117,149,217,63,67,21,23,33,87,13,0,0,1681d5e7-7d40-4bd5-b62f-2a4146293984,230
2020/10/14 08:00:00+00,732,74,161,326,196,445,61,307,95,1516,3276,970,599,8767,38,481,39,1231,12,830,1424,585,162,387,58,0,0,571,586,183,1503,159,1937,520,421,445,549,80,172,599,280,502,687,744,213,418,12,830,207,2275,358,1434,765,721,386,288,257,179,210,129,0,36,390,1468,117,149,217,63,67,21,23,33,87,13,0,0,2ff83cd0-114a-4bc7-93eb-1f0c97b61ed7,231
2020/10/15 08:00:00+00,734,75,161,326,196,446,61,308,95,1523,3284,971,600,8775,38,483,39,1232,12,830,1426,585,162,388,58,0,0,577,587,183,1503,159,1943,522,421,446,549,80,172,600,282,503,688,745,213,419,12,830,207,2277,358,1437,765,721,386,288,257,179,210,129,0,36,390,1471,117,149,217,64,67,21,23,33,87,14,0,0,3921041b-74b8-49df-84b2-eec029bc66fd,232
2020/10/16 08:00:00+00,735,79,161,326,196,447,61,309,96,1538,3303,977,600,8814,39,484,39,1239,12,832,1432,588,162,389,58,0,0,583,593,183,1507,159,1958,524,423,451,550,81,175,600,283,504,694,749,213,420,12,832,207,2281,359,1446,767,722,387,291,257,179,213,129,0,36,393,1485,117,149,217,65,67,21,23,33,87,14,0,0,3ea7d6ec-fe94-47a4-b82d-deb17b695003,233
2020/10/17 08:00:00+00,739,80,162,326,196,452,61,314,96,1558,3343,982,603,8856,41,486,39,1244,12,840,1440,589,162,394,58,0,0,589,603,187,1518,159,1986,529,424,453,553,81,175,603,283,509,695,752,214,424,12,840,209,2293,361,1452,770,724,390,294,258,182,214,130,0,36,394,1491,118,149,217,65,67,22,23,35,87,14,0,0,9a9ddee7-848b-430c-8199-996802d92b0f,234
2020/10/18 08:00:00+00,742,80,162,326,196,452,61,317,96,1567,3360,985,604,8879,41,487,39,1246,12,845,1453,592,162,394,58,0,0,591,607,188,1524,162,1997,529,427,456,553,81,177,604,283,512,696,761,214,426,12,845,210,2297,361,1455,770,731,391,294,259,183,214,130,0,36,396,1495,120,150,217,65,67,22,23,35,87,14,0,0,3d343575-1b9b-4282-9c3a-826f43edaaed,235
2020/10/19 08:00:00+00,743,81,162,326,196,454,61,317,97,1580,3379,986,609,8904,41,490,39,1256,12,859,1469,597,162,395,59,0,0,596,612,189,1536,162,2005,530,432,457,553,82,179,609,283,512,703,765,217,435,12,859,213,2298,363,1459,772,731,392,298,260,183,214,131,0,37,400,1500,120,150,217,65,67,22,23,35,88,14,0,0,49ec25f7-a9d3-46fb-aae1-08ea9431b29d,236
2020/10/20 08:00:00+00,745,82,162,326,196,454,61,318,99,1586,3390,990,612,8926,41,490,39,1271,12,868,1472,598,162,395,59,0,0,596,616,190,1541,162,2011,531,433,460,554,82,180,612,283,513,716,766,218,437,12,868,213,2304,363,1462,776,733,392,302,260,186,215,131,0,37,400,1501,120,151,217,65,67,22,23,35,89,14,0,0,29e2606e-158d-4f1b-be8a-732f0c471793,237
2020/10/21 08:00:00+00,746,82,162,326,196,454,61,319,101,1599,3408,992,614,8948,41,497,40,1272,12,870,1474,602,162,395,59,0,0,602,621,190,1544,165,2022,534,435,463,554,83,182,614,284,514,717,767,218,437,12,870,219,2306,365,1463,780,734,392,305,260,186,215,132,0,37,402,1509,120,151,218,65,67,22,23,35,89,14,0,0,690f88a5-d5c5-4d70-80f7-19b61808a356,238
2020/10/22 08:00:00+00,752,83,162,326,196,456,62,320,101,1611,3429,995,617,8980,41,502,40,1276,12,883,1482,606,162,396,60,0,0,610,623,191,1548,165,2038,536,437,464,556,83,183,617,288,515,719,773,219,441,12,883,220,2309,366,1470,782,736,392,308,263,189,215,132,0,38,404,1514,121,153,220,65,68,23,23,35,89,14,0,0,4aba1190-cd16-4fac-b707-e0ff39423ca7,239
2020/10/23 08:00:00+00,754,83,162,326,196,457,63,322,101,1621,3440,997,617,8999,41,504,40,1283,12,886,1485,607,162,397,60,0,0,615,626,193,1554,165,2045,536,438,465,557,83,183,617,289,517,722,776,220,442,12,886,221,2314,367,1472,782,737,393,308,265,190,216,133,0,39,404,1517,121,153,220,66,69,23,23,35,89,15,0,0,d80fc4f1-c44d-4464-bf9f-fdd6d1c477f7,240
2020/10/24 08:00:00+00,757,83,163,326,196,458,63,322,102,1624,3463,1001,619,9027,42,506,40,1289,12,896,1490,610,163,398,60,0,0,617,627,193,1563,166,2062,537,439,468,558,85,183,619,289,517,724,779,221,443,12,896,223,2319,367,1477,787,737,394,312,266,193,217,133,0,40,406,1519,121,155,220,67,69,23,23,35,89,15,0,0,c8063fdb-56f1-46c1-bec9-3f2d50aed885,241
2020/10/25 08:00:00+00,761,84,164,326,196,460,63,327,103,1634,3477,1005,625,9046,43,512,40,1292,12,900,1499,613,164,400,60,0,0,619,633,193,1571,167,2070,539,442,469,561,85,185,625,293,522,725,784,221,445,12,900,225,2319,367,1479,788,741,396,315,266,195,219,133,0,40,408,1522,122,155,221,67,69,23,23,36,89,16,0,0,74aece67-1465-440d-8d49-e6aab9b9519c,242
2020/10/26 08:00:00+00,763,84,164,326,197,462,63,328,103,1645,3489,1007,630,9075,44,514,40,1302,12,905,1506,615,166,402,60,0,0,627,635,194,1581,167,2076,541,444,469,563,85,185,630,294,524,731,789,221,447,12,905,226,2334,367,1482,789,744,398,317,267,196,220,133,0,40,408,1523,122,155,221,67,69,23,23,36,90,17,0,0,14e215af-9a47-4f49-874e-2ef2c4a0e694,243
2020/10/27 08:00:00+00,768,85,165,327,197,466,63,330,103,1651,3497,1009,632,9094,44,515,40,1307,12,905,1509,615,167,406,60,0,0,629,638,194,1584,168,2081,541,444,471,563,85,186,632,294,526,733,793,221,449,12,905,227,2339,367,1485,789,745,401,317,267,197,220,133,0,40,409,1528,122,159,221,68,69,23,23,36,90,17,0,0,ca78979c-fb46-48c9-939d-bb2ea45b1fa6,244
2020/10/28 08:00:00+00,776,86,165,327,198,473,63,332,103,1665,3516,1012,632,9138,45,518,40,1324,12,913,1517,619,168,412,61,0,0,635,642,195,1593,168,2091,545,447,472,565,86,189,632,295,529,745,796,224,453,12,913,229,2345,369,1496,795,748,405,318,268,197,222,135,0,41,411,1532,124,160,223,68,69,23,24,36,92,17,0,0,385570ef-8eab-4f11-b37c-b4f8cbd93f28,245
2020/10/29 08:00:00+00,777,87,165,327,198,475,63,333,103,1672,3520,1015,635,9161,46,521,40,1326,13,915,1522,623,170,414,61,0,0,639,643,197,1598,168,2093,545,450,474,566,87,189,635,297,530,747,797,224,456,13,915,230,2350,374,1500,797,748,405,318,268,197,224,135,0,41,413,1536,124,160,223,68,69,23,24,36,93,17,0,0,0964ab07-6717-48a3-94a3-36c7b34ea263,246
2020/10/30 08:00:00+00,785,87,167,327,198,478,65,334,103,1683,3542,1021,635,9199,46,522,40,1338,13,919,1528,628,170,417,61,0,0,642,650,197,1608,168,2107,545,455,475,571,87,190,635,298,531,753,804,225,458,13,919,230,2354,374,1508,806,749,408,319,268,198,226,135,0,41,413,1545,124,160,224,68,71,23,26,38,96,17,0,0,f6eecdd1-9457-4de7-8ca3-5e666e1bc486,247
2020/10/31 08:00:00+00,790,88,167,327,198,485,65,338,103,1701,3563,1025,637,9230,46,529,40,1345,13,923,1540,634,172,423,62,0,0,650,656,197,1621,168,2121,545,459,476,574,88,194,637,305,535,757,808,226,465,13,923,230,2362,374,1509,816,751,411,319,268,198,228,136,0,41,414,1548,124,161,226,68,71,23,27,38,97,17,0,0,78877a3f-b608-4634-80c9-6e05874bdd07,248
2020/11/01 08:00:00+00,799,88,167,327,198,487,65,339,104,1706,3569,1027,638,9258,47,531,40,1353,13,928,1543,635,173,424,63,0,0,650,660,197,1624,169,2126,545,460,477,575,88,195,638,305,536,763,809,227,466,13,928,232,2370,375,1513,821,751,413,321,268,198,229,137,0,41,418,1550,125,162,226,68,71,23,28,38,102,18,0,0,eecb2737-9125-4da4-b637-8a0fe778b8e1,249
2020/11/02 08:00:00+00,801,91,167,327,198,492,65,341,105,1723,3588,1028,640,9284,48,532,40,1362,13,932,1552,638,174,429,63,0,0,654,666,198,1632,171,2136,549,462,478,575,88,201,640,305,538,768,815,228,469,13,932,233,2372,376,1515,822,755,416,322,269,199,230,137,0,42,420,1558,125,163,227,68,71,23,28,38,102,18,0,0,6d1b798b-0803-4b3d-9170-5d4e3b41ec56,250
2020/11/03 08:00:00+00,805,91,167,327,198,493,65,344,105,1730,3601,1033,641,9298,48,535,40,1364,13,934,1562,641,176,430,63,0,0,655,667,203,1645,172,2143,549,464,482,576,89,201,641,308,541,768,816,230,472,13,934,233,2373,377,1519,824,755,418,322,269,200,231,137,0,43,420,1559,125,164,227,68,71,23,28,38,105,18,0,0,4e2621ee-2c1e-41fd-a3dc-20431fe7706c,251
2020/11/04 08:00:00+00,815,92,167,327,198,496,66,347,107,1752,3620,1041,644,9328,48,539,40,1375,13,937,1574,647,176,432,64,0,0,667,677,203,1654,173,2153,552,469,485,581,89,201,644,312,544,774,822,231,479,13,937,233,2380,380,1520,828,755,420,324,270,201,231,138,0,43,421,1568,126,165,229,68,72,23,29,40,107,19,0,0,012a0b22-fe63-4c74-b401-263990e03c5d,252
2020/11/05 08:00:00+00,820,93,167,327,201,499,68,351,109,1763,3645,1045,651,9362,48,544,40,1383,13,946,1590,653,176,435,64,0,0,671,681,203,1669,174,2172,555,474,488,582,90,204,651,314,551,777,822,236,482,13,946,236,2386,381,1523,830,756,421,326,270,204,232,142,0,44,422,1578,126,167,231,69,74,23,29,40,107,19,0,0,a1816aa4-8769-4e1d-8de6-308ffa639eed,253
2020/11/06 08:00:00+00,828,94,167,327,202,503,68,361,110,1784,3675,1057,658,9415,50,554,40,1400,13,951,1604,656,176,438,65,0,0,678,688,208,1681,175,2188,561,478,496,586,92,206,658,319,562,784,826,242,488,13,951,241,2398,381,1529,836,760,424,328,270,210,233,144,0,44,423,1591,126,167,231,70,74,23,29,40,114,19,0,0,8b365ee0-d712-4dfd-97cc-b47bb821662b,254
2020/11/07 08:00:00+00,835,95,167,327,202,510,69,368,110,1798,3701,1068,662,9466,50,558,40,1414,13,960,1618,659,178,445,65,0,0,684,693,208,1689,177,2205,567,480,503,590,92,209,662,319,569,790,831,247,496,13,960,245,2402,384,1537,843,766,424,329,275,211,236,148,0,45,427,1595,126,170,232,70,75,24,29,40,115,20,0,0,fe891aff-a097-454c-8018-553abd81182a,255
2020/11/08 08:00:00+00,841,95,167,327,202,511,69,370,110,1808,3731,1080,667,9504,50,560,40,1430,13,969,1636,663,178,445,66,0,0,691,695,209,1703,178,2220,575,484,509,596,92,209,667,321,571,804,836,248,502,13,969,245,2411,387,1541,847,769,425,330,275,212,238,149,0,47,428,1600,129,170,232,73,75,24,29,40,115,20,0,0,76c3cca7-9f34-4d21-be8a-dc2d735c77d9,256
2020/11/09 08:00:00+00,848,97,167,327,202,516,71,372,110,1821,3750,1086,676,9544,52,560,40,1444,13,976,1639,668,179,450,66,0,0,696,700,211,1711,180,2229,577,487,512,599,92,210,676,321,573,816,838,250,504,13,976,245,2416,387,1554,854,769,426,331,275,213,241,149,0,48,431,1607,130,171,232,74,77,26,29,40,117,20,0,0,c293738e-6ab8-400b-b65e-ba2475e9e23d,257
2020/11/10 08:00:00+00,851,97,167,327,202,519,72,377,111,1829,3755,1091,677,9579,52,564,40,1448,13,982,1647,672,180,453,66,0,0,697,704,212,1715,182,2232,577,490,517,599,93,212,677,323,578,819,839,250,509,13,982,247,2423,390,1557,856,770,426,336,276,214,241,149,0,48,434,1617,130,171,233,75,78,27,29,40,117,20,0,0,86a611bd-729d-40b0-9cb1-4ec239dbcb97,258
2020/11/11 08:00:00+00,861,97,167,327,202,530,76,381,113,1853,3783,1101,681,9643,52,567,42,1463,13,995,1659,676,183,461,69,0,0,706,711,217,1731,185,2249,578,494,524,602,94,215,681,325,582,830,843,252,513,13,995,248,2432,396,1564,862,774,428,341,278,216,245,152,0,49,435,1631,133,174,236,76,82,27,29,40,117,20,0,0,eefc80f0-1f2a-4bb0-9112-a5abe2c0f70e,259
2020/11/12 08:00:00+00,867,97,167,327,202,532,77,382,116,1870,3813,1110,682,9678,52,575,42,1469,13,1002,1663,680,183,463,69,0,0,715,717,219,1739,185,2257,593,497,526,609,94,215,682,330,583,833,845,254,516,13,1002,251,2433,401,1568,866,776,428,344,280,217,246,153,0,50,436,1643,133,178,237,76,83,27,29,40,118,20,0,0,3521ff9b-a5bf-4252-896e-289813493f5a,260
